step,time,vehicle,lat,lon,speed,heading,poi,lat2,lon2,depth,distance
19, 10000, '95', 48.763957900845305, 11.419105107909589, 0.0, 98.5165430014498,'',,,
20, 10500, '95', 48.763957083792526, 11.419111884363993, 3.6455706555582585, 98.5165430014498,'',,,
21, 11000, '95', 48.7639554629652, 11.419125327135625, 7.23189051431972, 98.51654300144465,'',,,
22, 11500, '95', 48.76395323118058, 11.419143976498825, 10.030826215743044, 98.49546376623331,'',,,
23, 12000, '95', 48.76395096923961, 11.419169980097431, 13.8809185992125, 97.40031602814764,'',,,
24, 12500, '95', 48.763948106921895, 11.419202885613702, 17.565216664615047, 96.01427536957594,'',,,
25, 13000, '95', 48.76394466053917, 11.419242505456927, 21.149378721171388, 95.67615799506208,'',,,
26, 13500, '95', 48.76394209403575, 11.419272010044516, 15.749779087494138, 95.67615799506831,'',,,
27, 14000, '95', 48.76393876489229, 11.419310281827636, 20.429779087494136, 95.67615799506312,'',,,
28, 14500, '95', 48.7639495739598, 11.419346381481708, 22.777439445553355, 76.04273677350417,'',,,
29, 15000, '95', 48.76396833663939, 11.419314036196921, 25.69126585393493, 333.9591612228034,'',,,
30, 15500, '95', 48.76397306807478, 11.419259578438876, 29.07099148458056, 275.6672856782387,'',,,
31, 16000, '95', 48.76397771803547, 11.419206058138556, 28.57054594665952, 275.6672856782387,'',,,
32, 16500, '95', 48.76398203419609, 11.4191563795589, 26.519729115605735, 275.6672856782387,'',,,
33, 17000, '95', 48.76398630040466, 11.419119386931971, 19.878276314896212, 276.99715664705434,'',,,
34, 17500, '95', 48.763989687710925, 11.419091332798969, 15.09396995232222, 278.19786286893225,'',,,
35, 18000, '95', 48.76399412526698, 11.419054580262918, 19.77396995232222, 278.5307656099491,'',,,
36, 18500, '95', 48.76399958516402, 11.419009768589552, 24.120249009139513, 278.5925490065582,'',,,
37, 19000, '95', 48.76400981391067, 11.418959827473772, 27.736751789020055, 283.88287658954835,'',,,
38, 19500, '95', 48.76402424762644, 11.41891599354651, 26.101916409432768, 293.10393503727306,'',,,
39, 20000, '95', 48.76404197043664, 11.418885409377689, 21.520122320738036, 304.57210166063044,'',,,
40, 20500, '95', 48.76405538747831, 11.418862255629682, 16.291800603311767, 309.4165251643437,'',,,
41, 21000, '95', 48.76407490502786, 11.418836090654738, 20.971800603311767, 313.61218311584184,'',,,
42, 21500, '95', 48.76409822779658, 11.41880521522783, 24.856522933895956, 318.1962037642046,'',,,
43, 22000, '95', 48.76411664506383, 11.41875830611518, 29.11588089563351, 301.9925877097397,'',,,
44, 22500, '95', 48.764118970536444, 11.418704873366929, 28.511387476759964, 275.96124871069793,'',,,
45, 23000, '95', 48.764120764882115, 11.41864877820962, 29.846218707237394, 270.1955132146171,'',,,
46, 23500, '95', 48.764126076267495, 11.418596060140095, 28.228040584215897, 276.8459644891819,'',,,
47, 24000, '95', 48.76413454304697, 11.41854484303525, 28.018125769567675, 281.02697843615454,'',,,
48, 24500, '95', 48.76414553175978, 11.418491085223108, 29.785454641875813, 285.3625852556651,'',,,
49, 25000, '95', 48.76415624058867, 11.41843869648946, 29.02687983321212, 285.36258525566006,'',,,
50, 25500, '95', 48.764167022174234, 11.418385951682941, 29.224155212419106, 285.3625852556651,'',,,
51, 26000, '95', 48.76417723608007, 11.418335983904617, 27.685483649239874, 285.3625852556651,'',,,
52, 26500, '95', 48.76418692513811, 11.41828858363502, 26.262901723039334, 285.36258525566006,'',,,
53, 27000, '95', 48.76419498504979, 11.418249153298412, 21.847020823954605, 285.3625852556651,'',,,
54, 27500, '95', 48.764201020344515, 11.418219627650373, 16.359161903061203, 285.36258525566006,'',,,
55, 28000, '95', 48.76420878219467, 11.418181655346569, 21.039161903061203, 285.3625852556651,'',,,
56, 28500, '95', 48.76421720173888, 11.418135298446316, 25.44821077028685, 284.0764489725226,'',,,
57, 29000, '95', 48.764228095607756, 11.418081341889808, 29.95933075711783, 284.7824788755243,'',,,
58, 29500, '95', 48.76424880928984, 11.418036087942003, 29.23293951454293, 300.71268340999904,'',,,
59, 30000, '95', 48.76426375077295, 11.41799057191557, 27.664855722586626, 297.27721393705286,'',,,
60, 30500, '95', 48.76427089047317, 11.417937007582033, 28.928127991600896, 279.58064063459693,'',,,
61, 31000, '95', 48.76427599751587, 11.417892777364433, 23.693646554341022, 278.59749841577894,'',,,
62, 31500, '95', 48.76427965473737, 11.417859390618233, 17.92241130381887, 277.6084455918363,'',,,
63, 32000, '95', 48.764282451511484, 11.417833858826809, 13.705774188140122, 277.58959216702897,'',,,
64, 32500, '95', 48.7642788217953, 11.417800738676897, 18.385774188140125, 268.13478597295676,'',,,
65, 33000, '95', 48.764271967465284, 11.417761717811924, 21.550405247552035, 253.42217288560477,'',,,
66, 33500, '95', 48.76427647885715, 11.417714830010695, 25.093668938624386, 271.1658437847492,'',,,
67, 34000, '95', 48.76428227373109, 11.417661194719763, 28.765195807330954, 277.46324848145684,'',,,
68, 34500, '95', 48.76428821131527, 11.417606238301872, 29.473723339738328, 277.4632484814517,'',,,
69, 35000, '95', 48.76429411763262, 11.417551571027085, 29.31864535419457, 277.46324848145684,'',,,
70, 35500, '95', 48.76430014820294, 11.417495753440404, 29.935562333685347, 277.4632484814517,'',,,
71, 36000, '95', 48.764305010686314, 11.417448457807252, 25.320951448187163, 277.1523028852062,'',,,
72, 36500, '95', 48.76430885312957, 11.417408876546443, 21.180875968614757, 276.60666562298206,'',,,
73, 37000, '95', 48.764311537760975, 11.417381221895424, 14.798660758038638, 276.5354897693099,'',,,
74, 37500, '95', 48.76431507138312, 11.417344821599047, 19.478660758038636, 276.5354897693099,'',,,
75, 38000, '95', 48.76432270847815, 11.417300877936801, 24.142911584385324, 280.80696431102086,'',,,
76, 38500, '95', 48.76433531297109, 11.417254406123398, 26.69182445461734, 289.52856091211964,'',,,
77, 39000, '95', 48.76435359049173, 11.417205057355005, 29.940169004214585, 297.4414882953666,'',,,
78, 39500, '95', 48.76437805455183, 11.417151349988723, 34.52520557844419, 302.5324547663247,'',,,
79, 40000, '95', 48.76440726264824, 11.417094806390663, 37.9949635102075, 306.3687801872823,'',,,
80, 40500, '95', 48.76443886947967, 11.417040186074395, 38.43140351889096, 309.50936808037454,'',,,
81, 41000, '95', 48.76447424063024, 11.416983880740938, 41.198418823689224, 312.0408023787034,'',,,
82, 41500, '95', 48.76451857141082, 11.416929768683808, 45.665668004969135, 319.81320841862663,'',,,
83, 42000, '95', 48.7645670635191, 11.41687618809151, 48.080096777301286, 322.03552989963816,'',,,
84, 42500, '95', 48.764620589711555, 11.416832007835078, 49.17923679523264, 332.32706706843624,'',,,
85, 43000, '95', 48.76467738297544, 11.416796858826933, 49.130260481639766, 335.93059481819864,'',,,
86, 43500, '95', 48.76473448008337, 11.41676152168736, 49.393116117102096, 335.93059481819125,'',,,
87, 44000, '95', 48.76478993942507, 11.41672719807301, 47.97633856100589, 335.93059481818915,'',,,
88, 44500, '95', 48.764849596977925, 11.416700418558351, 49.8938758853646, 343.26906812946464,'',,,
89, 45000, '95', 48.76490779613797, 11.416676972357273, 48.22142694295943, 343.26906812947163,'',,,
90, 45500, '95', 48.764966881037466, 11.416653280416993, 48.92809374766052, 343.54054765965225,'',,,
91, 46000, '95', 48.76502548955944, 11.416637261248365, 47.68511200741958, 348.3108495857481,'',,,
92, 46500, '95', 48.765086107302515, 11.41662183377913, 49.22338809723593, 348.63178089347264,'',,,
93, 47000, '95', 48.76514470630893, 11.416615541792149, 48.41791791114584, 356.08404907848205,'',,,
94, 47500, '95', 48.76520656695413, 11.41661679391531, 49.535242289808586, 358.948819250455,'',,,
95, 48000, '95', 48.76526767152432, 11.416623242736346, 49.145970593612645, 3.352429085484704,'',,,
96, 48500, '95', 48.76532828541449, 11.416636459137981, 49.034142559725794, 6.384442416381048,'',,,
97, 49000, '95', 48.76538969925757, 11.416649849999061, 49.68127370544803, 6.384442416369535,'',,,
98, 49500, '95', 48.76544887362435, 11.416662752591945, 47.86963150982839, 6.3844424163706925,'',,,
99, 50000, '95', 48.76550832940523, 11.416675740977235, 48.088517932087186, 6.404779779833561,'',,,
100, 50500, '95', 48.76556909178687, 11.416689345709779, 49.18423187245243, 6.601606898574009,'',,,
101, 51000, '95', 48.76563024396257, 11.4167030377539, 49.49975367111247, 6.601606898574009,'',,,
102, 51500, '95', 48.76568920160715, 11.416716238474551, 47.72338810437452, 6.601606898574009,'',,,
103, 52000, '95', 48.7657496893581, 11.416731030425515, 49.053383235555145, 7.4845871849560615,'',,,
104, 52500, '95', 48.765809302968286, 11.416746286735513, 48.414565631040375, 7.7845010937152965,'',,,
105, 53000, '95', 48.76586909341561, 11.416761588341318, 48.55818463595678, 7.784501093713884,'',,,
106, 53500, '95', 48.76592997724808, 11.41677686516817, 49.41961665271875, 7.533361206271156,'',,,
107, 54000, '95', 48.76598981853731, 11.41679177202892, 48.56393414472789, 7.5333612062594515,'',,,
108, 54500, '95', 48.76604923569143, 11.416806434627219, 48.20290681282618, 7.439208621837605,'',,,
109, 55000, '95', 48.76610837612277, 11.416820933967005, 47.97218625577726, 7.370984407756089,'',,,
110, 55500, '95', 48.76616913045818, 11.41683574225525, 49.27639514082671, 7.3352944377871765,'',,,
111, 56000, '95', 48.76622896172491, 11.41685032559259, 48.527718563402075, 7.335294437788511,'',,,
112, 56500, '95', 48.766290554820934, 11.416865338399742, 49.9566989239594, 7.3352944377871765,'',,,
113, 57000, '95', 48.7663512552775, 11.41688013367278, 49.232702762355096, 7.3352944377871765,'',,,
114, 57500, '95', 48.76641068974845, 11.416894620409337, 48.20589420215786, 7.335294437788511,'',,,
115, 58000, '95', 48.76647232595279, 11.416909643842576, 49.99167062155065, 7.335294437788511,'',,,
116, 58500, '95', 48.76653272557587, 11.416924365906072, 48.9887112429142, 7.3352944377871765,'',,,
117, 59000, '95', 48.76659200941838, 11.416938816042038, 48.083730292679746, 7.3352944377871765,'',,,
118, 59500, '95', 48.76665233150772, 11.416953519283654, 48.9258303069938, 7.3352944377871765,'',,,
119, 60000, '95', 48.76671195233719, 11.416968046067622, 49.06870588634256, 7.330571039684322,'',,,
120, 60500, '95', 48.7667723436419, 11.416982755953372, 48.966515875347895, 7.328995714817602,'',,,
121, 61000, '95', 48.76683375344546, 11.416997713960859, 49.7923382860478, 7.328995714817602,'',,,
122, 61500, '95', 48.766893466277544, 11.417014871027215, 48.72819797237031, 9.43333003870128,'',,,
123, 62000, '95', 48.76695239130935, 11.417032604095285, 48.099101720988756, 9.433330038702985,'',,,
124, 62500, '95', 48.767011943479524, 11.417056116446672, 49.29083445368428, 13.480453727530165,'',,,
125, 63000, '95', 48.76706879843005, 11.417085697122447, 48.21696257524286, 18.411843357004994,'',,,
126, 63500, '95', 48.76712360654842, 11.417121267469714, 47.75669304296002, 21.78795068743615,'',,,
127, 64000, '95', 48.76717876629468, 11.417159156105413, 48.499456145284704, 22.603051573265578,'',,,
128, 64500, '95', 48.76722938953754, 11.41720760823548, 47.992745461637156, 31.085874846420655,'',,,
129, 65000, '95', 48.76728058687212, 11.417258211865143, 48.95394304405991, 31.433611531980663,'',,,
130, 65500, '95', 48.76733120438916, 11.417308685805727, 48.529352642792276, 31.597528404042542,'',,,
131, 66000, '95', 48.76738249266788, 11.417360322649358, 49.33984212351591, 31.826967807200806,'',,,
132, 66500, '95', 48.76743342763006, 11.417411603905682, 48.999972130545416, 31.82696780719531,'',,,
133, 67000, '95', 48.76748383338528, 11.41746235248501, 48.49089301325475, 31.826967807200806,'',,,
134, 67500, '95', 48.76753471866807, 11.417513583982434, 48.95222766771075, 31.826967807200806,'',,,
135, 68000, '95', 48.76758496499714, 11.41756417601069, 49.055994487317285, 31.82961913397751,'',,,
136, 68500, '95', 48.76763624503886, 11.417615895460049, 49.29365005356353, 31.873136981267272,'',,,
137, 69000, '95', 48.76768679764395, 11.417667019798724, 48.70596169780568, 31.915306113174456,'',,,
138, 69500, '95', 48.767737001159745, 11.417717734534058, 48.33145788783767, 31.915306113174456,'',,,
139, 70000, '95', 48.76778866270618, 11.417769922279486, 49.73514396989812, 31.9153061131833,'',,,
140, 70500, '95', 48.767838749886934, 11.417820519751743, 48.21950837134011, 31.915306113179966,'',,,
141, 71000, '95', 48.76788994938726, 11.417872241006428, 49.29037541955337, 31.9153061131833,'',,,
142, 71500, '95', 48.76794102122755, 11.417923833431574, 49.16749988150877, 31.9153061131833,'',,,
143, 72000, '95', 48.76799134181033, 11.417974667069863, 48.444278608496305, 31.915306113174456,'',,,
144, 72500, '95', 48.76804112595784, 11.418024958928939, 47.92786861582753, 31.9153061131833,'',,,
145, 73000, '95', 48.76809286191957, 11.418077222639482, 49.80693085944839, 31.9153061131833,'',,,
146, 73500, '95', 48.768142375138254, 11.418127241059336, 47.667088509701195, 31.915306113174456,'',,,
147, 74000, '95', 48.76819252008059, 11.41817789777428, 48.27528121301998, 31.915306113174456,'',,,
148, 74500, '95', 48.76824439261246, 11.418230299843477, 49.938481978411794, 31.915306113174456,'',,,
149, 75000, '95', 48.76829383220742, 11.418285860133444, 49.31665371177346, 35.15184354226881,'',,,
150, 75500, '95', 48.7683419927657, 11.418340703504251, 48.261491601887165, 35.15184354226881,'',,,
151, 76000, '95', 48.76838999231684, 11.418395363663514, 48.100175137558026, 35.151843542277334,'',,,
152, 76500, '95', 48.76843883707352, 11.41845304125818, 49.645752827740274, 36.53606143308331,'',,,
153, 77000, '95', 48.76848718945947, 11.418511974630858, 49.7160205003582, 37.03866234043772,'',,,
154, 77500, '95', 48.7685325287868, 11.418575266951882, 49.45366571860482, 42.316515709821196,'',,,
155, 78000, '95', 48.768573982250665, 11.418640613168263, 47.94205014589336, 44.35985033047696,'',,,
156, 78500, '95', 48.76861566481307, 11.418706320700473, 48.20705435629562, 44.359850330469506,'',,,
157, 79000, '95', 48.76865295311113, 11.418778501482523, 48.5267714326093, 50.97629440374669,'',,,
158, 79500, '95', 48.768690186172236, 11.418852696808095, 49.31005995235965, 50.97629440374669,'',,,
159, 80000, '95', 48.76872662261289, 11.418925304888203, 48.25510973694362, 50.97629440374669,'',,,
160, 80500, '95', 48.768763765423586, 11.419001028038087, 49.837137646587564, 51.84414756247974,'',,,
161, 81000, '95', 48.76879922328639, 11.419074083061634, 47.970077600615106, 51.892423122482086,'',,,
162, 81500, '95', 48.76883378560055, 11.419149262074077, 48.493505087700676, 53.87263697320621,'',,,
163, 82000, '95', 48.76886640478999, 11.419226876875321, 48.67947216054518, 55.732664556656445,'',,,
164, 82500, '95', 48.768896548537285, 11.419305918545248, 48.350076823384505, 59.044727278943405,'',,,
165, 83000, '95', 48.76892341727504, 11.41938729920747, 48.14586968103983, 61.63943087671339,'',,,
166, 83500, '95', 48.76895105147461, 11.419470998593825, 49.51760471414868, 61.63943087671339,'',,,
167, 84000, '95', 48.7689770486407, 11.419553790018256, 48.542466063961385, 63.165192730851,'',,,
168, 84500, '95', 48.7689997589417, 11.419640115535536, 49.1746752037257, 66.47811160847282,'',,,
169, 85000, '95', 48.76902274339991, 11.419727483501415, 49.76845410283283, 66.47811160846327,'',,,
170, 85500, '95', 48.76904484307969, 11.419811488584841, 47.85277358942293, 66.47811160846327,'',,,
171, 86000, '95', 48.76906686870989, 11.41989521249976, 47.6925676245438, 66.47811160847282,'',,,
172, 86500, '95', 48.76908985358234, 11.419982583018225, 49.769778844943275, 66.47811160846865,'',,,
173, 87000, '95', 48.76911193174228, 11.420066525862632, 47.81737362716441, 66.48391240889481,'',,,
174, 87500, '95', 48.7691333302979, 11.420153438759552, 49.10340407589544, 67.75097634278764,'',,,
175, 88000, '95', 48.76915484027192, 11.420240804542406, 49.34421606847644, 67.75097634278764,'',,,
176, 88500, '95', 48.76917647033215, 11.420328658422045, 49.61985191801191, 67.75097634278764,'',,,
177, 89000, '95', 48.76919788459587, 11.420415636155987, 49.12496418555826, 67.75097634278764,'',,,
178, 89500, '95', 48.76921885057157, 11.420500793423841, 48.096726833908825, 67.75097634278764,'',,,
179, 90000, '95', 48.76923971461767, 11.420585537012679, 47.86304273773078, 67.75097634278764,'',,,
180, 90500, '95', 48.769260877697256, 11.420671495520674, 48.549187723464335, 67.75097634278764,'',,,
181, 91000, '95', 48.76928186992214, 11.42075676039649, 48.157386499062184, 67.75097634278764,'',,,
182, 91500, '95', 48.769302709458806, 11.420841405419925, 47.80725682028197, 67.75097634278764,'',,,
183, 92000, '95', 48.769321516584824, 11.420917795575617, 43.144899102703114, 67.75097634278764,'',,,
184, 92500, '95', 48.76933738461291, 11.420982248007933, 36.40248932651469, 67.75097634278764,'',,,
185, 93000, '95', 48.76935018790109, 11.421034252279934, 29.371799329394864, 67.75097634278764,'',,,
186, 93500, '95', 48.76936034354379, 11.4210755024586, 23.297921234164505, 67.75097634278764,'',,,
187, 94000, '95', 48.769368780053206, 11.421109769922394, 19.354107341646575, 67.75097634278764,'',,,
188, 94500, '95', 48.7693741666325, 11.421131649189888, 12.35730724402831, 67.75097634278764,'',,,
189, 95000, '95', 48.76937825818417, 11.421147515347242, 8.992099291830565, 67.52972680130326,'',,,
190, 95500, '95', 48.769381381736686, 11.421158796660885, 6.458720380207524, 67.11678902747839,'',,,
191, 96000, '95', 48.769383910248195, 11.421167928872812, 5.228327009023246, 66.78272446436762,'',,,
192, 96500, '95', 48.76938439177286, 11.421169667993357, 0.9956722925092473, 66.71912904069765,'',,,
193, 97000, '95', 48.769384424642666, 11.421169786709157, 0.0679665541305106, 66.7147881739253,'',,,
194, 97500, '95', 48.76938442925234, 11.42116980335788, 0.009531640752436303, 66.71417941296234,'',,,
195, 98000, '95', 48.7693844293661, 11.421169803768747, 0.0002352269445745157, 66.7141643896382,'',,,
196, 98500, '95', 48.7693844293661, 11.421169803768747, 0.0, 66.7141643896382,'',,,
197, 99000, '95', 48.7693844293661, 11.421169803768747, 0.0, 66.7141643896382,'',,,
198, 99500, '95', 48.7693844293661, 11.421169803768747, 0.0, 66.7141643896382,'',,,
199, 100000, '95', 48.7693844293661, 11.421169803768747, 0.0, 66.7141643896382,'',,,
200, 100500, '95', 48.7693844293661, 11.421169803768747, 0.0, 66.7141643896382,'',,,
201, 101000, '95', 48.7693844293661, 11.421169803768747, 0.0, 66.7141643896382,'',,,
202, 101500, '95', 48.7693844293661, 11.421169803768747, 0.0, 66.7141643896382,'',,,
203, 102000, '95', 48.7693844293661, 11.421169803768747, 0.0, 66.7141643896382,'',,,
204, 102500, '95', 48.7693844293661, 11.421169803768747, 0.0, 66.7141643896382,'',,,
205, 103000, '95', 48.7693844293661, 11.421169803768747, 0.0, 66.7141643896382,'',,,
206, 103500, '95', 48.7693844293661, 11.421169803768747, 0.0, 66.7141643896382,'',,,
207, 104000, '95', 48.7693844293661, 11.421169803768747, 0.0, 66.7141643896382,'',,,
208, 104500, '95', 48.7693844293661, 11.421169803768747, 0.0, 66.7141643896382,'',,,
209, 105000, '95', 48.7693844293661, 11.421169803768747, 0.0, 66.7141643896382,'',,,
210, 105500, '95', 48.7693844293661, 11.421169803768747, 0.0, 66.7141643896382,'',,,
211, 106000, '95', 48.7693844293661, 11.421169803768747, 0.0, 66.7141643896382,'',,,
212, 106500, '95', 48.7693844293661, 11.421169803768747, 0.0, 66.7141643896382,'',,,
213, 107000, '95', 48.7693844293661, 11.421169803768747, 0.0, 66.7141643896382,'',,,
214, 107500, '95', 48.7693844293661, 11.421169803768747, 0.0, 66.7141643896382,'',,,
215, 108000, '95', 48.7693844293661, 11.421169803768747, 0.0, 66.7141643896382,'',,,
216, 108500, '95', 48.7693844293661, 11.421169803768747, 0.0, 66.7141643896382,'',,,
217, 109000, '95', 48.7693844293661, 11.421169803768747, 0.0, 66.7141643896382,'',,,
218, 109500, '95', 48.7693844293661, 11.421169803768747, 0.0, 66.7141643896382,'',,,
219, 110000, '95', 48.7693844293661, 11.421169803768747, 0.0, 66.7141643896382,'',,,
220, 110500, '95', 48.7693844293661, 11.421169803768747, 0.0, 66.7141643896382,'',,,
221, 111000, '95', 48.7693844293661, 11.421169803768747, 0.0, 66.7141643896382,'',,,
222, 111500, '95', 48.7693844293661, 11.421169803768747, 0.0, 66.7141643896382,'',,,
223, 112000, '95', 48.7693844293661, 11.421169803768747, 0.0, 66.7141643896382,'',,,
224, 112500, '95', 48.7693844293661, 11.421169803768747, 0.0, 66.7141643896382,'',,,
225, 113000, '95', 48.7693844293661, 11.421169803768747, 0.0, 66.7141643896382,'',,,
226, 113500, '95', 48.7693844293661, 11.421169803768747, 0.0, 66.7141643896382,'',,,
227, 114000, '95', 48.7693844293661, 11.421169803768747, 0.0, 66.7141643896382,'',,,
228, 114500, '95', 48.7693844293661, 11.421169803768747, 0.0, 66.7141643896382,'',,,
229, 115000, '95', 48.7693844293661, 11.421169803768747, 0.0, 66.7141643896382,'',,,
230, 115500, '95', 48.7693844293661, 11.421169803768747, 0.0, 66.7141643896382,'',,,
231, 116000, '95', 48.7693844293661, 11.421169803768747, 0.0, 66.7141643896382,'',,,
232, 116500, '95', 48.7693844293661, 11.421169803768747, 0.0, 66.7141643896382,'',,,
233, 117000, '95', 48.7693844293661, 11.421169803768747, 0.0, 66.7141643896382,'',,,
234, 117500, '95', 48.7693844293661, 11.421169803768747, 0.0, 66.7141643896382,'',,,
235, 118000, '95', 48.7693844293661, 11.421169803768747, 0.0, 66.7141643896382,'',,,
236, 118500, '95', 48.7693844293661, 11.421169803768747, 0.0, 66.7141643896382,'',,,
237, 119000, '95', 48.7693844293661, 11.421169803768747, 0.0, 66.7141643896382,'',,,
238, 119500, '95', 48.7693844293661, 11.421169803768747, 0.0, 66.7141643896382,'',,,
239, 120000, '95', 48.7693844293661, 11.421169803768747, 0.0, 66.7141643896382,'',,,
240, 120500, '95', 48.7693844293661, 11.421169803768747, 0.0, 66.7141643896382,'',,,
241, 121000, '95', 48.7693844293661, 11.421169803768747, 0.0, 66.7141643896382,'',,,
242, 121500, '95', 48.7693844293661, 11.421169803768747, 0.0, 66.7141643896382,'',,,
243, 122000, '95', 48.7693844293661, 11.421169803768747, 0.0, 66.7141643896382,'',,,
244, 122500, '95', 48.7693844293661, 11.421169803768747, 0.0, 66.7141643896382,'',,,
245, 123000, '95', 48.7693844293661, 11.421169803768747, 0.0, 66.7141643896382,'',,,
246, 123500, '95', 48.7693844293661, 11.421169803768747, 0.0, 66.7141643896382,'',,,
247, 124000, '95', 48.7693844293661, 11.421169803768747, 0.0, 66.7141643896382,'',,,
248, 124500, '95', 48.7693844293661, 11.421169803768747, 0.0, 66.7141643896382,'',,,
249, 125000, '95', 48.7693844293661, 11.421169803768747, 0.0, 66.7141643896382,'',,,
250, 125500, '95', 48.7693844293661, 11.421169803768747, 0.0, 66.7141643896382,'',,,
251, 126000, '95', 48.7693844293661, 11.421169803768747, 0.0, 66.7141643896382,'',,,
252, 126500, '95', 48.7693844293661, 11.421169803768747, 0.0, 66.7141643896382,'',,,
253, 127000, '95', 48.7693844293661, 11.421169803768747, 0.0, 66.7141643896382,'',,,
254, 127500, '95', 48.7693844293661, 11.421169803768747, 0.0, 66.7141643896382,'',,,
255, 128000, '95', 48.7693844293661, 11.421169803768747, 0.0, 66.7141643896382,'',,,
256, 128500, '95', 48.7693844293661, 11.421169803768747, 0.0, 66.7141643896382,'',,,
257, 129000, '95', 48.7693844293661, 11.421169803768747, 0.0, 66.7141643896382,'',,,
258, 129500, '95', 48.7693844293661, 11.421169803768747, 0.0, 66.7141643896382,'',,,
259, 130000, '95', 48.7693844293661, 11.421169803768747, 0.0, 66.7141643896382,'',,,
260, 130500, '95', 48.7693844293661, 11.421169803768747, 0.0, 66.7141643896382,'',,,
261, 131000, '95', 48.7693844293661, 11.421169803768747, 0.0, 66.7141643896382,'',,,
262, 131500, '95', 48.7693844293661, 11.421169803768747, 0.0, 66.7141643896382,'',,,
263, 132000, '95', 48.7693844293661, 11.421169803768747, 0.0, 66.7141643896382,'',,,
264, 132500, '95', 48.7693844293661, 11.421169803768747, 0.0, 66.7141643896382,'',,,
265, 133000, '95', 48.7693844293661, 11.421169803768747, 0.0, 66.7141643896382,'',,,
266, 133500, '95', 48.7693844293661, 11.421169803768747, 0.0, 66.7141643896382,'',,,
267, 134000, '95', 48.7693844293661, 11.421169803768747, 0.0, 66.7141643896382,'',,,
268, 134500, '95', 48.7693844293661, 11.421169803768747, 0.0, 66.7141643896382,'',,,
269, 135000, '95', 48.7693844293661, 11.421169803768747, 0.0, 66.7141643896382,'',,,
270, 135500, '95', 48.76938651393172, 11.4211773325869, 4.310359779770952, 66.43894835994473,'',,,
271, 136000, '95', 48.76939149205088, 11.42119248298472, 8.959962957697963, 64.9480749056764,'',,,
272, 136500, '95', 48.76939934982593, 11.421214648408007, 13.318575113565702, 62.50613924315303,'',,,
273, 137000, '95', 48.76940743937402, 11.421235888730846, 13.029132565511667, 59.89169888620819,'',,,
274, 137500, '95', 48.7694227718597, 11.421259981040112, 17.70913256551167, 51.606574427324574,'',,,
275, 138000, '95', 48.769445636073755, 11.421277251434073, 20.81723745659487, 33.02415939850536,'',,,
276, 138500, '95', 48.76947673225482, 11.42127373899047, 25.423618554291593, 1.347709303710904,'',,,
277, 139000, '95', 48.76951150420135, 11.421254371293978, 29.634241420952876, 339.8124329819568,'',,,
278, 139500, '95', 48.769550887675535, 11.421231764682037, 33.7468299962583, 337.4356359613586,'',,,
279, 140000, '95', 48.769594263578654, 11.421206024114127, 37.31286119660856, 336.7601077962534,'',,,
280, 140500, '95', 48.769641902534474, 11.421177753668852, 40.98003379502827, 336.7601077962534,'',,,
281, 141000, '95', 48.769693810772914, 11.421146949634165, 44.65256697327858, 336.7601077962534,'',,,
282, 141500, '95', 48.76975085168392, 11.421113099628275, 49.06780829803116, 336.7601077962534,'',,,
283, 142000, '95', 48.76980665997082, 11.421078642359486, 48.27481705264282, 335.7100582686356,'',,,
284, 142500, '95', 48.7698619758094, 11.421043153149437, 48.1063727398552, 335.19740060341246,'',,,
285, 143000, '95', 48.76991851633682, 11.421006878125274, 49.171453626827336, 335.19740060341246,'',,,
286, 143500, '95', 48.769975338657275, 11.420970422222524, 49.41652913405188, 335.197400603403,'',,,
287, 144000, '95', 48.77003240560399, 11.420933809285312, 49.62928205851559, 335.197400603403,'',,,
288, 144500, '95', 48.77008957489792, 11.420897130596051, 49.71829955512751, 335.197400603403,'',,,
289, 145000, '95', 48.77014645461417, 11.420860637606443, 49.466472508633515, 335.19740060341246,'',,,
290, 145500, '95', 48.770201338167965, 11.420825425235398, 47.730482640132315, 335.19740060341246,'',,,
291, 146000, '95', 48.77025699164674, 11.420789718810214, 48.400070809909145, 335.19740060341246,'',,,
292, 146500, '95', 48.77031425904762, 11.420752976829766, 49.80365718378313, 335.197400603403,'',,,
293, 147000, '95', 48.770370713099446, 11.420716756596176, 49.09632235657051, 335.197400603403,'',,,
294, 147500, '95', 48.77042583724747, 11.42068138952959, 47.93975550916605, 335.197400603403,'',,,
295, 148000, '95', 48.77048205113915, 11.420645323210485, 48.887480688803834, 335.197400603403,'',,,
296, 148500, '95', 48.77053954873801, 11.420608433188226, 50.00389050569013, 335.197400603403,'',,,
297, 149000, '95', 48.77059452550283, 11.42057316043034, 47.81160774208233, 335.19740060341246,'',,,
298, 149500, '95', 48.77064938501385, 11.420537962820358, 47.70964439300448, 335.197400603403,'',,,
299, 150000, '95', 48.7707066000999, 11.42050125379759, 49.758225469795065, 335.197400603403,'',,,
300, 150500, '95', 48.770763104170854, 11.420465000873097, 49.13988644976262, 335.197400603403,'',,,
301, 151000, '95', 48.77082011992523, 11.420428419565814, 49.584891468306076, 335.19740060341246,'',,,
302, 151500, '95', 48.77087664682271, 11.42039341715777, 48.892982508732004, 336.178347170156,'',,,
303, 152000, '95', 48.7709326498013, 11.420360544518342, 48.09974399949052, 336.9732322401217,'',,,
304, 152500, '95', 48.770989191391095, 11.42032735564738, 48.56235305707064, 336.9732322401121,'',,,
305, 153000, '95', 48.77104728139809, 11.420293257803028, 49.89226317777392, 336.9732322401121,'',,,
306, 153500, '95', 48.771103631908986, 11.42026018093479, 48.398254888524306, 336.9732322401121,'',,,
307, 154000, '95', 48.77116111335907, 11.420226440143335, 49.369602284339265, 336.9732322401121,'',,,
308, 154500, '95', 48.77121755432096, 11.420193310025361, 48.47595664410946, 336.9732322401121,'',,,
309, 155000, '95', 48.77127537261818, 11.420159371348907, 49.65892888838053, 336.9732322401217,'',,,
310, 155500, '95', 48.77132825667592, 11.42017437599967, 49.497049290454946, 17.78950432115722,'',,,
311, 156000, '95', 48.771384429785186, 11.420136865889662, 49.16147023800854, 334.3633978171842,'',,,
312, 156500, '95', 48.77143934958214, 11.42010019260396, 48.06460848049355, 334.36339781717476,'',,,
313, 157000, '95', 48.771495765114516, 11.420062520435774, 49.373653399460956, 334.3633978171842,'',,,
314, 157500, '95', 48.7715513323011, 11.42002541467274, 48.63120932465047, 334.36339781717965,'',,,
315, 158000, '95', 48.771611034236265, 11.420002495262423, 49.368668621043675, 344.67727758801743,'',,,
316, 158500, '95', 48.77166596927883, 11.419982538918592, 45.23419947058973, 344.6772775880202,'',,,
317, 159000, '95', 48.771712084836366, 11.419965786410753, 37.97212750819357, 344.6772775880202,'',,,
318, 159500, '95', 48.771749661683174, 11.419952135758358, 30.941247565847462, 344.67727758801743,'',,,
319, 160000, '95', 48.771782531284586, 11.419940195104568, 27.06524361506814, 344.6772775880202,'',,,
320, 160500, '95', 48.77180648807697, 11.419931492228113, 19.726325060782365, 344.67727758801743,'',,,
321, 161000, '95', 48.77182385700398, 11.419925182545876, 14.301793913884106, 344.67727758801743,'',,,
322, 161500, '95', 48.77184415754892, 11.419915244150072, 17.084419669868442, 342.57548451358554,'',,,
323, 162000, '95', 48.77186929304209, 11.41990395736555, 21.018144111992807, 340.8064499922748,'',,,
324, 162500, '95', 48.77190096746267, 11.419901259757438, 25.692356350604463, 352.014844350875,'',,,
325, 163000, '95', 48.771931802164694, 11.419930855552716, 30.114172054301967, 25.907974501423233,'',,,
326, 163500, '95', 48.771955914397275, 11.41998523357665, 34.73125653787612, 54.069515733511935,'',,,
327, 164000, '95', 48.771981781147126, 11.420048060849323, 39.17374092975727, 56.26170371477916,'',,,
328, 164500, '95', 48.77201018396487, 11.420117048103206, 43.01453518841046, 56.261703714773375,'',,,
329, 165000, '95', 48.77204105598927, 11.420192032987712, 46.75408887146603, 56.26170371477916,'',,,
330, 165500, '95', 48.772073590844144, 11.420271056942674, 49.272442539093085, 56.26170371477916,'',,,
331, 166000, '95', 48.77210632218482, 11.420350558381562, 49.570096322913656, 56.261703714773375,'',,,
332, 166500, '95', 48.77213913509072, 11.420426603566273, 49.843842201895086, 54.54945634310315,'',,,
333, 167000, '95', 48.77217264674651, 11.420498919709834, 47.77669059659913, 53.14546109377718,'',,,
334, 167500, '95', 48.77220752676124, 11.420574188899346, 49.72759548375942, 53.14546109377079,'',,,
335, 168000, '95', 48.77224198433222, 11.420648546687834, 49.12539912595041, 53.14546109377079,'',,,
336, 168500, '95', 48.77227577945707, 11.420721475151836, 48.18103332329169, 53.14546109376866,'',,,
337, 169000, '95', 48.772324287938, 11.420791050691893, 49.38258981745318, 42.6111954412274,'',,,
338, 169500, '95', 48.77235735668935, 11.4208690198062, 48.98048602144328, 55.49211912214018,'',,,
339, 170000, '95', 48.77239061046867, 11.42094742540937, 49.25462574313023, 55.49211912214876,'',,,
340, 170500, '95', 48.77242309757804, 11.421024023586483, 48.11913332011645, 55.49211912214018,'',,,
341, 171000, '95', 48.77245645915148, 11.42110268380801, 49.41444994295575, 55.49211912214287,'',,,
342, 171500, '95', 48.772488913236415, 11.421179204569633, 48.07037636780274, 55.49211912214287,'',,,
343, 172000, '95', 48.772522551959725, 11.421258518724523, 49.825122540431096, 55.49211912214287,'',,,
344, 172500, '95', 48.77255594625747, 11.421337256802735, 49.463166226903915, 55.492119122134284,'',,,
345, 173000, '95', 48.77258943632076, 11.421416220915518, 49.60509567085282, 55.49211912214876,'',,,
346, 173500, '95', 48.77262189511239, 11.421492753682982, 48.077667157231836, 55.49211912214876,'',,,
347, 174000, '95', 48.772654243670715, 11.42156902675808, 47.91446812541317, 55.492119122134284,'',,,
348, 174500, '95', 48.77268778803004, 11.421648119586157, 49.68576234288141, 55.49211912214287,'',,,
349, 175000, '95', 48.77272115056012, 11.421726783921631, 49.416520222370515, 55.49211912214018,'',,,
350, 175500, '95', 48.77275364043233, 11.421803390872881, 48.124020034625204, 55.49211912214287,'',,,
351, 176000, '95', 48.77278538527619, 11.42188087787553, 48.20534119519964, 56.6904278457804,'',,,
352, 176500, '95', 48.772816352324746, 11.421959077972522, 48.19782216168568, 57.25172214122259,'',,,
353, 177000, '95', 48.77284707005601, 11.422036648707127, 47.809863307560796, 57.25172214122823,'',,,
354, 177500, '95', 48.772878082278474, 11.422114963346083, 48.2683020698335, 57.25172214122823,'',,,
355, 178000, '95', 48.77291008458629, 11.422195778476265, 49.80938871718571, 57.25172214123698,'',,,
356, 178500, '95', 48.77294097968096, 11.422273797807838, 48.08617409396544, 57.25172214122259,'',,,
357, 179000, '95', 48.77297251215381, 11.422353426949048, 49.07829868777748, 57.25172214123135,'',,,
358, 179500, '95', 48.773003983780626, 11.422434158493639, 49.56528514276352, 57.79497354658052,'',,,
359, 180000, '95', 48.7730315319609, 11.422516354311485, 48.72542129251734, 61.289815914934096,'',,,
360, 180500, '95', 48.77305871813913, 11.422597470282586, 48.08524017732684, 61.289815914934096,'',,,
361, 181000, '95', 48.773085093119356, 11.422676166114723, 46.65054220225484, 61.289815914934096,'',,,
362, 181500, '95', 48.773107544127946, 11.422743154066778, 39.71012468172152, 61.28981591492996,'',,,
363, 182000, '95', 48.77312636775645, 11.42279931900035, 33.29426635202632, 61.2898159149391,'',,,
364, 182500, '95', 48.773142053597134, 11.422847665866287, 27.56377607244588, 61.86296713117658,'',,,
365, 183000, '95', 48.773152476297994, 11.422886051521, 21.981880330354276, 64.5739332510201,'',,,
366, 183500, '95', 48.773160357981396, 11.42291344335178, 15.853772361709963, 65.32007863472876,'',,,
367, 184000, '95', 48.77316894388931, 11.422932925059287, 12.40034383280039, 61.40696819256926,'',,,
368, 184500, '95', 48.77318425386805, 11.422953634274535, 17.080343832800388, 49.27639703182887,'',,,
369, 185000, '95', 48.77320963559172, 11.422962125575593, 21.493218445007912, 21.316812596736444,'',,,
370, 185500, '95', 48.77323993307977, 11.422952514850428, 25.08959387898747, 349.9789220898485,'',,,
371, 186000, '95', 48.77327299768979, 11.422929889683916, 29.075563882587698, 334.10378167151737,'',,,
372, 186500, '95', 48.773303946077775, 11.422904131837182, 28.280904309751467, 329.5101654011168,'',,,
373, 187000, '95', 48.77333879881997, 11.422893150251385, 29.02333073227387, 343.08420952087357,'',,,
374, 187500, '95', 48.773375269111156, 11.422888450142956, 29.305870614510034, 353.30841456075143,'',,,
375, 188000, '95', 48.77340975029518, 11.42288400637529, 27.707514588466847, 353.30841456075143,'',,,
376, 188500, '95', 48.77344666445548, 11.42287924905162, 29.662544140314683, 353.30841456075143,'',,,
377, 189000, '95', 48.77348370688241, 11.422874475191495, 29.765613634066657, 353.3084145607411,'',,,
378, 189500, '95', 48.77352054620817, 11.422869727500109, 29.60241099388059, 353.3084145607411,'',,,
379, 190000, '95', 48.77355737023821, 11.422864981773975, 29.59012026685942, 353.3084145607411,'',,,
380, 190500, '95', 48.77359179735211, 11.422860544946884, 27.664067427517846, 353.30841456075143,'',,,
381, 191000, '95', 48.77362887703579, 11.422855766261485, 29.79555239627324, 353.3084145607411,'',,,
382, 191500, '95', 48.77366356386, 11.422851295953, 27.872759284020404, 353.30841456075143,'',,,
383, 192000, '95', 48.77369148278081, 11.422847697862789, 22.434379103704273, 353.3084145607411,'',,,
384, 192500, '95', 48.77371490040907, 11.422844679880331, 18.817344583042587, 353.30841456075143,'',,,
385, 193000, '95', 48.77373056808749, 11.422842660683097, 12.589836227914944, 353.30841456074234,'',,,
386, 193500, '95', 48.77375205988724, 11.422839890891094, 17.269836227914944, 353.30841456075143,'',,,
387, 194000, '95', 48.773776779399896, 11.422837224441983, 19.848982661192, 353.744335635431,'',,,
388, 194500, '95', 48.773804465169704, 11.422834377779198, 22.22689159109972, 354.28940686250553,'',,,
389, 195000, '95', 48.77383677567456, 11.422831055595902, 25.93975520581256, 354.2894068624952,'',,,
390, 195500, '95', 48.77387369937812, 11.422828070849839, 29.605997718164694, 354.9716390668364,'',,,
391, 196000, '95', 48.77390980424066, 11.422825246752426, 28.94509119101521, 355.2177273032731,'',,,
392, 196500, '95', 48.77394564019173, 11.422822443686005, 28.72950635083672, 355.2177273032731,'',,,
393, 197000, '95', 48.77398224911392, 11.422819580155084, 29.3491936744256, 355.2177273032722,'',,,
394, 197500, '95', 48.77401923165111, 11.422816687396939, 29.64871918374393, 355.2177273032731,'',,,
395, 198000, '95', 48.774055541114095, 11.42281384728319, 29.109119051151907, 355.2177273032731,'',,,
396, 198500, '95', 48.77409003657576, 11.42281114905709, 27.65484319496155, 355.2177273032731,'',,,
397, 199000, '95', 48.774125190944744, 11.422808399288503, 28.18308616684936, 355.2177273032731,'',,,
398, 199500, '95', 48.77416070897968, 11.422805621071031, 28.474635525212623, 355.2177273032722,'',,,
399, 200000, '95', 48.77419787451817, 11.422802713982751, 29.795431299397727, 355.2177273032731,'',,,
400, 200500, '95', 48.774232669455586, 11.422799992319893, 27.894932087168097, 355.2177273032731,'',,,
401, 201000, '95', 48.774268096919364, 11.422797221177799, 28.40202557648253, 355.2177273032731,'',,,
402, 201500, '95', 48.77430366480983, 11.42279443904849, 28.514605130384247, 355.2177273032731,'',,,
403, 202000, '95', 48.77433089648003, 11.422792308978375, 21.831497924342795, 355.2177273032731,'',,,
404, 202500, '95', 48.77435162800191, 11.422790687350794, 16.620360612116784, 355.2177273032731,'',,,
405, 203000, '95', 48.774378197154114, 11.422788609100033, 21.300360612116783, 355.2177273032835,'',,,
406, 203500, '95', 48.774410449218, 11.42278602925035, 25.86754561047259, 355.1697077865607,'',,,
407, 204000, '95', 48.77444682793856, 11.422783076118323, 29.185793480618855, 355.10606112574015,'',,,
408, 204500, '95', 48.774481916777155, 11.422780205774648, 28.149071264133788, 355.08761801449754,'',,,
409, 205000, '95', 48.77451716076274, 11.422777204641518, 28.263402355422265, 354.9697813568448,'',,,
410, 205500, '95', 48.77455396827112, 11.422774070366104, 29.517246919294823, 354.955966207283,'',,,
411, 206000, '95', 48.774588708105824, 11.422771112156312, 27.859106210611763, 354.9559662072726,'',,,
412, 206500, '95', 48.77462467230392, 11.42276804968461, 28.840966816141272, 354.955966207283,'',,,
413, 207000, '95', 48.774661027750206, 11.422764953893312, 29.154722814473324, 354.955966207283,'',,,
414, 207500, '95', 48.7746965870358, 11.422761925894426, 28.516253465630115, 354.955966207283,'',,,
415, 208000, '95', 48.77473366423503, 11.422758768636239, 29.733522466264667, 354.955966207283,'',,,
416, 208500, '95', 48.77477084984362, 11.422755602142916, 29.820459981786087, 354.955966207283,'',,,
417, 209000, '95', 48.77480047873162, 11.422753079129912, 23.760457516828737, 354.9559662072839,'',,,
418, 209500, '95', 48.77482487352723, 11.422751001818108, 19.56305306098117, 354.955966207283,'',,,
419, 210000, '95', 48.77484133094556, 11.422749600403986, 13.197788337447408, 354.9559662072735,'',,,
420, 210500, '95', 48.77486293018112, 11.422752631942108, 17.87778833744741, 359.1259238010005,'',,,
421, 211000, '95', 48.774886851087494, 11.422773343770098, 22.06612382671489, 19.64837422353991,'',,,
422, 211500, '95', 48.774906587250626, 11.422808562349063, 24.850879283856326, 41.99372520210348,'',,,
423, 212000, '95', 48.774907184021004, 11.422859916996114, 27.244536352252318, 80.41071644683359,'',,,
424, 212500, '95', 48.77490552657196, 11.422916277112437, 29.756312397664143, 90.72484203921977,'',,,
425, 213000, '95', 48.77490369434256, 11.422978579388982, 32.89358306488648, 90.72484203923017,'',,,
426, 213500, '95', 48.774901696672934, 11.423046505908006, 35.86300431450523, 90.72484203923017,'',,,
427, 214000, '95', 48.77490162893352, 11.423122103016725, 39.904268612248565, 87.98672975170301,'',,,
428, 214500, '95', 48.774903511203135, 11.42320457137372, 43.523515725798646, 86.1992219349093,'',,,
429, 215000, '95', 48.77490556301396, 11.423294470840489, 47.44535722891495, 86.19922193490862,'',,,
430, 215500, '95', 48.77490770753663, 11.423388435745741, 49.590931035770105, 86.19922193490862,'',,,
431, 216000, '95', 48.774909777496134, 11.423479136769625, 47.868381971913394, 86.1992219349093,'',,,
432, 216500, '95', 48.774912578713575, 11.423572800347753, 49.461089063641616, 85.35654926558759,'',,,
433, 217000, '95', 48.774917275276906, 11.423666430524653, 49.52685329487641, 83.83667133051516,'',,,
434, 217500, '95', 48.77492200617759, 11.423760746802051, 49.8897668865379, 83.83667133051406,'',,,
435, 218000, '95', 48.77492674034237, 11.423855129715736, 49.92500709014107, 83.83667133051516,'',,,
436, 218500, '95', 48.77493133035176, 11.423946640160212, 48.40557151676249, 83.83667133050483,'',,,
437, 219000, '95', 48.77493852101841, 11.424037020947376, 48.03691107615922, 80.46872558187066,'',,,
438, 219500, '95', 48.7749471434945, 11.424129302193917, 49.157292308631355, 80.12982588959746,'',,,
439, 220000, '95', 48.77495590990276, 11.4242231247079, 49.97829417420645, 80.1298258896077,'',,,
440, 220500, '95', 48.77496463902634, 11.424316549030769, 49.766165997452106, 80.1298258896077,'',,,
441, 221000, '95', 48.774973003884455, 11.424406075559995, 47.68983699918353, 80.12982588960591,'',,,
442, 221500, '95', 48.774985531630804, 11.424496959932222, 49.00420240004641, 75.09385187620371,'',,,
443, 222000, '95', 48.77499923429951, 11.424586176080702, 48.31043452977296, 75.09385187621109,'',,,
444, 222500, '95', 48.775013407066936, 11.424678453503345, 49.96808441222739, 75.09385187620104,'',,,
445, 223000, '95', 48.775029527259264, 11.424769178803674, 49.56099791902676, 72.49221831573941,'',,,
446, 223500, '95', 48.77504431258749, 11.424848850276312, 43.647306430232106, 72.49221831573941,'',,,
447, 224000, '95', 48.7750567401265, 11.424915816952899, 36.687078064001945, 72.49221831573941,'',,,
448, 224500, '95', 48.77506776066334, 11.424968199545175, 29.17063634422689, 70.89502858900849,'',,,
449, 225000, '95', 48.77507750106903, 11.42501181415666, 24.360706181687018, 69.50586524868483,'',,,
450, 225500, '95', 48.7750842622633, 11.42504208880796, 16.909737949423906, 69.50586524868483,'',,,
451, 226000, '95', 48.77508966945774, 11.425066300675638, 13.523400743320995, 69.50586524868483,'',,,
452, 226500, '95', 48.77509320020306, 11.425082110356938, 8.830405891732585, 69.50586524868483,'',,,
453, 227000, '95', 48.77509609530253, 11.425095073804462, 7.240657614497468, 69.50586524868483,'',,,
454, 227500, '95', 48.77509789105008, 11.42510311466494, 4.491175074590382, 69.50586524869458,'',,,
455, 228000, '95', 48.775097962591, 11.425103435005425, 0.17892427658133633, 69.50586524868483,'',,,
456, 228500, '95', 48.77509797584871, 11.425103494369765, 0.03315759977076119, 69.50586524868483,'',,,
457, 229000, '95', 48.77509797661207, 11.42510349778791, 0.001909185277338643, 69.50586524869458,'',,,
458, 229500, '95', 48.77509797661207, 11.42510349778791, 0.0, 69.50586524869458,'',,,
459, 230000, '95', 48.77509797661207, 11.42510349778791, 0.0, 69.50586524869458,'',,,
460, 230500, '95', 48.77509970630146, 11.425111242861327, 4.325964651962277, 69.50586524868847,'',,,
461, 231000, '95', 48.775103288499906, 11.425126232751262, 8.373981166849935, 69.22320030759758,'',,,
462, 231500, '95', 48.77510811916108, 11.425145775472844, 10.918386522051968, 68.66407932276847,'',,,
463, 232000, '95', 48.775114807877806, 11.425172835095125, 15.11802479589367, 67.89610408101939,'',,,
464, 232500, '95', 48.77512284373713, 11.425205344711113, 18.162893615351148, 67.6703847449413,'',,,
465, 233000, '95', 48.775132620066245, 11.425244665379543, 22.000431129825387, 67.60319543992063,'',,,
466, 233500, '95', 48.7751443989111, 11.425288276738653, 24.93159366291025, 66.41386202271934,'',,,
467, 234000, '95', 48.775158012639075, 11.42533868188417, 28.815428223423748, 65.94865867984257,'',,,
468, 234500, '95', 48.775173334732806, 11.425395412425324, 32.43148895187312, 65.94865867984257,'',,,
469, 235000, '95', 48.77519380420456, 11.425455710780565, 34.802457142672594, 61.1496665342222,'',,,
470, 235500, '95', 48.77521591361604, 11.425519222055524, 37.98038284088029, 60.39955098466865,'',,,
471, 236000, '95', 48.775240319224125, 11.425589329545796, 41.92494799877993, 60.39955098467771,'',,,
472, 236500, '95', 48.77526660201806, 11.425664829651357, 45.149738661265104, 60.39955098467771,'',,,
473, 237000, '95', 48.77529911649518, 11.425746133443424, 49.42442374352376, 56.30993247401733,'',,,
474, 237500, '95', 48.77533138065725, 11.425824665283955, 48.83929180128593, 56.30993247401733,'',,,
475, 238000, '95', 48.77536418618901, 11.425902748078023, 48.8715464467099, 55.52570650513035,'',,,
476, 238500, '95', 48.77539825566523, 11.425979832716964, 48.98357829533145, 54.16269896511262,'',,,
477, 239000, '95', 48.77543287408771, 11.426055383903437, 48.556170434156435, 53.44237836138988,'',,,
478, 239500, '95', 48.77546768161136, 11.426131348001006, 48.82147848620173, 53.44237836138988,'',,,
479, 240000, '95', 48.77550254076716, 11.426207407336891, 48.807944369056266, 53.43393772442151,'',,,
480, 240500, '95', 48.77554589568487, 11.42627704563571, 48.81358818420768, 44.4592213190355,'',,,
481, 241000, '95', 48.7755877344969, 11.42634325184918, 48.457844445822765, 44.4592213190355,'',,,
482, 241500, '95', 48.77562914875453, 11.426408894318655, 48.045957654780715, 44.51672934687658,'',,,
483, 242000, '95', 48.77567133226534, 11.42647579218068, 48.55865962579474, 44.523386438903835,'',,,
484, 242500, '95', 48.77571570661271, 11.426540151534851, 48.70216305398941, 41.060174740095334,'',,,
485, 243000, '95', 48.77576250993439, 11.426603581961416, 49.74562635457702, 40.026417140835974,'',,,
486, 243500, '95', 48.77580852526112, 11.426665944618579, 48.90813243133575, 40.026417140835974,'',,,
487, 244000, '95', 48.77585922482425, 11.426716888654402, 48.22564183263202, 31.08063882508805,'',,,
488, 244500, '95', 48.77591240970371, 11.426767596045488, 49.898212856409145, 30.12413109724118,'',,,
489, 245000, '95', 48.77596515273667, 11.426817350274366, 49.76279497813527, 30.144346820323147,'',,,
490, 245500, '95', 48.77601751425552, 11.426867356034855, 49.69245717308578, 30.434235753440255,'',,,
491, 246000, '95', 48.77606988699869, 11.426917767751494, 49.729518922288904, 30.71562248455084,'',,,
492, 246500, '95', 48.77612052118787, 11.426967262687628, 48.53479393553082, 31.149562564701245,'',,,
493, 247000, '95', 48.77617103936435, 11.427018964177558, 49.265159041039645, 32.57801008163087,'',,,
494, 247500, '95', 48.77622074305746, 11.427073204269554, 49.24421081852261, 33.97518799802534,'',,,
495, 248000, '95', 48.77626934731959, 11.42712624472047, 48.15496996892709, 33.9751879980195,'',,,
496, 248500, '95', 48.776317733931535, 11.427179047787233, 47.93935775571596, 33.97518799802534,'',,,
497, 249000, '95', 48.77636804377217, 11.427234111634446, 49.89517838995066, 34.0604366520369,'',,,
498, 249500, '95', 48.77641834811774, 11.42728918009597, 49.89301813725942, 34.06043665202824,'',,,
499, 250000, '95', 48.77646388811866, 11.427350550544364, 49.03656119288039, 40.60505717319603,'',,,
500, 250500, '95', 48.77650890043783, 11.427412807012933, 49.0048540467918, 40.60505717321078,'',,,
501, 251000, '95', 48.77654871087765, 11.427477780742917, 49.56979124288634, 47.25541277578952,'',,,
502, 251500, '95', 48.77658484956771, 11.427553387148732, 49.39223646599427, 52.29905784147806,'',,,
503, 252000, '95', 48.776620095467635, 11.427627125939994, 48.17209135953896, 52.29905784147806,'',,,
504, 252500, '95', 48.77665524066402, 11.427700654251229, 48.03452226229571, 52.29905784147806,'',,,
505, 253000, '95', 48.7766912220464, 11.427775932183444, 49.177444428755905, 52.29905784147806,'',,,
506, 253500, '95', 48.77672663111874, 11.427850012974195, 48.3953096897956, 52.29905784147806,'',,,
507, 254000, '95', 48.77676212073308, 11.427924262477969, 48.50545829425659, 52.29905784147806,'',,,
508, 254500, '95', 48.776798515738285, 11.428000406408968, 49.74297263816558, 52.29905784147806,'',,,
509, 255000, '95', 48.776834450146, 11.428075586914035, 49.1135199342398, 52.29905784147806,'',,,
510, 255500, '95', 48.77687028411843, 11.42815055750488, 48.976318986360916, 52.29905784147806,'',,,
511, 256000, '95', 48.77690671873809, 11.428226784966414, 49.79732865272183, 52.29905784147806,'',,,
512, 256500, '95', 48.776942330588184, 11.428301291265061, 48.672870580731896, 52.29905784147806,'',,,
513, 257000, '95', 48.776978051109296, 11.42837602513319, 48.821466660258366, 52.29905784147806,'',,,
514, 257500, '95', 48.77701350972837, 11.428450211262744, 48.46357693103236, 52.29905784147806,'',,,
515, 258000, '95', 48.77704988367553, 11.428526312647374, 49.71468530798425, 52.29905784147806,'',,,
516, 258500, '95', 48.777085914302056, 11.428601695953779, 49.24551666287799, 52.29905784147806,'',,,
517, 259000, '95', 48.777121807555524, 11.428676792061394, 49.05782925851271, 52.29905784147806,'',,,
518, 259500, '95', 48.77715811398801, 11.42875275284142, 49.62262080143765, 52.29905784147806,'',,,
519, 260000, '95', 48.77719373806517, 11.428829174937484, 49.51207423867286, 53.23174241338584,'',,,
520, 260500, '95', 48.77722712176629, 11.428905331956065, 48.374612402725965, 54.618306277124404,'',,,
521, 261000, '95', 48.777261322780156, 11.428983353707611, 49.559016912790014, 54.61830627712686,'',,,
522, 261500, '95', 48.777294840892466, 11.429059817799278, 48.56953463168443, 54.61830627713291,'',,,
523, 262000, '95', 48.777328882679754, 11.42913747676456, 49.328445658684714, 54.61830627712686,'',,,
524, 262500, '95', 48.777363300012176, 11.42921599268627, 49.87271137927752, 54.61830627713291,'',,,
525, 263000, '95', 48.77739747170986, 11.42929394847421, 49.51685188601353, 54.618306277124404,'',,,
526, 263500, '95', 48.7774319756703, 11.429372662485063, 49.998401069604796, 54.61830627713291,'',,,
527, 264000, '95', 48.77746557460061, 11.429449312072274, 48.687033312200576, 54.618306277124404,'',,,
528, 264500, '95', 48.777499823468844, 11.429527444597966, 49.628914418561386, 54.618306277124404,'',,,
529, 265000, '95', 48.77753297131166, 11.429603065555218, 48.03353029305674, 54.61830627711837,'',,,
530, 265500, '95', 48.77756617916661, 11.429678823636142, 48.12056679814216, 54.61830627711837,'',,,
531, 266000, '95', 48.77760014570382, 11.429756312746033, 49.22002927706671, 54.61830627713291,'',,,
532, 266500, '95', 48.7776345752473, 11.42983485836059, 49.891039548950275, 54.618306277124404,'',,,
533, 267000, '95', 48.77766883717444, 11.429913021816029, 49.648230506164026, 54.61830627711837,'',,,
534, 267500, '95', 48.77770256204991, 11.429989960293899, 48.87007814137359, 54.61830627712686,'',,,
535, 268000, '95', 48.77773690659194, 11.430068312682108, 49.768104501446714, 54.61830627711837,'',,,
536, 268500, '95', 48.7777713157555, 11.430146812728056, 49.86182674362883, 54.61830627713291,'',,,
537, 269000, '95', 48.77780527664169, 11.430224490101285, 49.28183312648535, 54.71128752025393,'',,,
538, 269500, '95', 48.77783822957575, 11.430300014570227, 47.89282081181277, 54.73944594550125,'',,,
539, 270000, '95', 48.77787131382413, 11.430375840213792, 48.08374416552578, 54.73944594550125,'',,,
540, 270500, '95', 48.77790442367257, 11.430451724747533, 48.121025868231435, 54.73944594548672,'',,,
541, 271000, '95', 48.77793870555255, 11.430530295692117, 49.82450650227349, 54.73944594549274,'',,,
542, 271500, '95', 48.77797292694272, 11.430608728232178, 49.73667247171607, 54.73944594550125,'',,,
543, 272000, '95', 48.778031360646516, 11.430661137097866, 48.90279340745509, 54.73714679301235,'',,,
544, 272500, '95', 48.77806435815755, 11.430736758436709, 47.943914699876686, 54.737146793020855,'',,,
545, 273000, '95', 48.77809744095134, 11.430812575437391, 48.06790178888105, 54.737146793020855,'',,,
546, 273500, '95', 48.77813104134603, 11.430890271738214, 48.985534575833945, 55.05735783968789,'',,,
547, 274000, '95', 48.77816360606665, 11.43096773892334, 48.52740917545371, 55.71270401328011,'',,,
548, 274500, '95', 48.77819620356556, 11.431045284311391, 48.576335272100756, 55.71270401328011,'',,,
549, 275000, '95', 48.77822871256851, 11.431122619405564, 48.444540043241346, 55.71270401328011,'',,,
550, 275500, '95', 48.77826180798127, 11.431201349732433, 49.31848336707428, 55.71270401328011,'',,,
551, 276000, '95', 48.7782942913298, 11.431278624254553, 48.406471485435965, 55.71270401328011,'',,,
552, 276500, '95', 48.77832677811173, 11.431355907170698, 48.41166788100824, 55.71270401328011,'',,,
553, 277000, '95', 48.77836028458956, 11.431435616081913, 49.93129821306188, 55.71270401328011,'',,,
554, 277500, '95', 48.77839295890066, 11.431514957042557, 49.41300665428955, 56.44026184304022,'',,,
555, 278000, '95', 48.77842566684396, 11.431595080674462, 49.777801952074284, 56.46824050388787,'',,,
556, 278500, '95', 48.7784579747382, 11.431674224558227, 49.16905847938825, 56.46824050389361,'',,,
557, 279000, '95', 48.7784904561057, 11.431753793635286, 49.433151872587395, 56.46824050388787,'',,,
558, 279500, '95', 48.778522393869466, 11.431832031289836, 48.60592972261459, 56.46824050389361,'',,,
559, 280000, '95', 48.77855400515354, 11.431909469399073, 48.109144127290705, 56.46824050388787,'',,,
560, 280500, '95', 48.778582484154086, 11.431989204165703, 47.92413735526242, 60.54831211302853,'',,,
561, 281000, '95', 48.77861015899538, 11.432069228222211, 47.73859625501186, 60.54831211302853,'',,,
562, 281500, '95', 48.778638083944266, 11.43214997574044, 48.17012722649239, 60.54831211303759,'',,,
563, 282000, '95', 48.77866705180737, 11.432233739210481, 49.96924501911364, 60.54831211303759,'',,,
564, 282500, '95', 48.77869447100027, 11.432314922130246, 48.03104539408442, 61.28508917409741,'',,,
565, 283000, '95', 48.778721091294514, 11.432396436820467, 47.68308937883098, 61.87936147236572,'',,,
566, 283500, '95', 48.77874624677132, 11.432478319717397, 47.78163453612105, 63.23892297163884,'',,,
567, 284000, '95', 48.778770345088276, 11.432562754034599, 48.05938830663544, 65.3309794437001,'',,,
568, 284500, '95', 48.778793454597015, 11.432647557011261, 48.48006835070998, 65.76190493310911,'',,,
569, 285000, '95', 48.778816695555776, 11.432732842671511, 48.755964536625896, 65.76190493310911,'',,,
570, 285500, '95', 48.77883962692448, 11.432816992558935, 48.10662475023978, 65.76190493310483,'',,,
571, 286000, '95', 48.7788629612982, 11.432902621643551, 48.95220507387165, 65.76190493310483,'',,,
572, 286500, '95', 48.77888576793745, 11.432986314430586, 47.84522487336863, 65.76190493310483,'',,,
573, 287000, '95', 48.77890906446395, 11.433071805252832, 48.87307620761544, 65.76190493310911,'',,,
574, 287500, '95', 48.77893240241541, 11.433157448407478, 48.96011676128582, 65.76190493310483,'',,,
575, 288000, '95', 48.7789552911311, 11.43324144331122, 48.01780861393176, 65.76190493310911,'',,,
576, 288500, '95', 48.77897706497568, 11.43332568592725, 47.81222415834759, 67.15328838958716,'',,,
577, 289000, '95', 48.778998621324305, 11.433412138729807, 48.83500796526298, 67.49868677941647,'',,,
578, 289500, '95', 48.779020074077366, 11.433498176392249, 48.60046538873669, 67.49868677942608,'',,,
579, 290000, '95', 48.77904173268638, 11.433585039992385, 49.066975499555475, 67.49868677941647,'',,,
580, 290500, '95', 48.77906338807166, 11.433671891004055, 49.05982353719976, 67.49868677941647,'',,,
581, 291000, '95', 48.77908438616936, 11.433756933284965, 47.98489817892295, 67.74428719691828,'',,,
582, 291500, '95', 48.77910234791607, 11.433846184894533, 49.308898813180626, 71.2328509488289,'',,,
583, 292000, '95', 48.77911999272883, 11.433933862064423, 48.43903399766051, 71.2328509488289,'',,,
584, 292500, '95', 48.77913802700163, 11.434023474872701, 49.508382922947405, 71.23285094881905,'',,,
585, 293000, '95', 48.77915587892731, 11.434112182000613, 49.00798806234822, 71.23285094881905,'',,,
586, 293500, '95', 48.77917130617965, 11.434200428598084, 47.89670986476448, 73.85390243960562,'',,,
587, 294000, '95', 48.77918536649687, 11.434284467470363, 45.68058725225608, 73.99172827479553,'',,,
588, 294500, '95', 48.77919713853831, 11.434355273894317, 38.659600011109, 74.04790753768405,'',,,
589, 295000, '95', 48.77920766587145, 11.434414373202724, 32.41049761662306, 73.18010170835396,'',,,
590, 295500, '95', 48.77921763395921, 11.43446235103528, 26.63694845080981, 70.9094285975987,'',,,
591, 296000, '95', 48.779227526436365, 11.434494844746215, 18.932536050708965, 66.68795768775512,'',,,
592, 296500, '95', 48.77923728693647, 11.434517085805414, 14.24546711634286, 60.03095383628682,'',,,
593, 297000, '95', 48.77925542878028, 11.434538064660737, 18.925467116342862, 45.40832745373498,'',,,
594, 297500, '95', 48.779282537707694, 11.43454157977776, 22.088945786444473, 13.575072634082938,'',,,
595, 298000, '95', 48.77931462252725, 11.434540881148282, 25.730673624970024, 357.343852796043,'',,,
596, 298500, '95', 48.77935170474403, 11.434540073703033, 29.738375806090428, 357.343852796043,'',,,
597, 299000, '95', 48.77939222613382, 11.434539089807743, 32.46252192671318, 357.25828117971685,'',,,
598, 299500, '95', 48.7794377998306, 11.434537898850497, 36.481841340678756, 357.178870648252,'',,,
599, 300000, '95', 48.77948364137785, 11.434522296618413, 39.69911918336434, 344.2284288849765,'',,,
600, 300500, '95', 48.77952828147796, 11.434500172448587, 42.107005249046736, 345.64678075972256,'',,,
601, 301000, '95', 48.77958360119756, 11.43451511853496, 44.96913815055882, 8.29214060450604,'',,,
602, 301500, '95', 48.779644252139065, 11.434531505033245, 49.30286596091372, 8.292140604507539,'',,,
603, 302000, '95', 48.77970573178497, 11.434548115472518, 49.97651883401536, 8.29214060450604,'',,,
604, 302500, '95', 48.77976685738946, 11.434564630301555, 49.6887231715126, 8.292140604507539,'',,,
605, 303000, '95', 48.779826232141154, 11.43458067212959, 48.26546576883271, 8.29214060450604,'',,,
606, 303500, '95', 48.779886153966814, 11.434596861807565, 48.71018251733948, 8.29214060450604,'',,,
607, 304000, '95', 48.77994573283869, 11.43461295886801, 48.43139973665681, 8.29214060450604,'',,,
608, 304500, '95', 48.780006570720886, 11.434629396131658, 49.45484650194739, 8.292140604507539,'',,,
609, 305000, '95', 48.78006544352151, 11.434646671848585, 47.99218608405535, 9.426867375612085,'',,,
610, 305500, '95', 48.780126683558, 11.43466522296351, 49.97906446721032, 9.488964324917141,'',,,
611, 306000, '95', 48.780185958532705, 11.434683178859641, 48.375346566290595, 9.488964324917141,'',,,
612, 306500, '95', 48.78024523928571, 11.434701116795598, 48.31747322110087, 9.472685991275197,'',,,
613, 307000, '95', 48.780304794643875, 11.43472267853562, 47.97455064900779, 12.405304005610256,'',,,
614, 307500, '95', 48.78036393285494, 11.434751539143475, 49.612891410520305, 16.132416747737018,'',,,
615, 308000, '95', 48.780422739829945, 11.434780431779856, 49.69167709177919, 16.156551339923233,'',,,
616, 308500, '95', 48.78048012281091, 11.4348068648511, 48.22105396645703, 14.740929411761348,'',,,
617, 309000, '95', 48.78053824534105, 11.434830825073279, 48.415123411199076, 13.407662722161389,'',,,
618, 309500, '95', 48.78059666028427, 11.434854905899563, 48.65870415808261, 13.407662722171567,'',,,
619, 310000, '95', 48.78064896457605, 11.434923035018159, 49.26121787025221, 13.393756337783977,'',,,
620, 310500, '95', 48.78070859697705, 11.43494759437935, 49.295361911441205, 13.393756337783977,'',,,
621, 311000, '95', 48.78076806184621, 11.434972084806423, 49.1568766157711, 13.393756337783977,'',,,
622, 311500, '95', 48.780827386468665, 11.434995393901772, 48.90206500812528, 12.483817122790889,'',,,
623, 312000, '95', 48.78088736873169, 11.435014493988954, 48.89199217341934, 10.05183154758451,'',,,
624, 312500, '95', 48.780948045102924, 11.435033815150648, 49.45776869767439, 10.051831547594723,'',,,
625, 313000, '95', 48.781006588369976, 11.435052457116544, 47.71906289008074, 10.051831547596544,'',,,
626, 313500, '95', 48.78106727752221, 11.43507178244768, 49.468193922174166, 10.051831547594723,'',,,
627, 314000, '95', 48.781126427057984, 11.435090617565393, 48.213244322888556, 10.051831547594723,'',,,
628, 314500, '95', 48.78118602504795, 11.435109595534072, 48.57878639091365, 10.05183154758451,'',,,
629, 315000, '95', 48.78124701708865, 11.435119618873943, 48.977872034666134, 3.3698269440522206,'',,,
630, 315500, '95', 48.78130842058799, 11.435128077999613, 49.18028131980077, 3.3698269440522206,'',,,
631, 316000, '95', 48.78136875078108, 11.435136389286491, 48.32063276382723, 3.3698269440625768,'',,,
632, 316500, '95', 48.781428364922114, 11.435144601950082, 47.74712197345309, 3.369826944063188,'',,,
633, 317000, '95', 48.781489979777945, 11.435153090262919, 49.34956805589237, 3.369826944063188,'',,,
634, 317500, '95', 48.78155151407868, 11.435161567501904, 49.28504980868753, 3.3698269440528312,'',,,
635, 318000, '95', 48.78161386165216, 11.435159567216155, 49.749697221737364, 356.7935041453948,'',,,
636, 318500, '95', 48.781675582939556, 11.43515836300208, 48.195699412479065, 357.6383246093374,'',,,
637, 319000, '95', 48.78173970553103, 11.43514216059755, 49.72209622504749, 345.30898008152076,'',,,
638, 319500, '95', 48.781795800900404, 11.43510810846166, 47.98780573414732, 335.8871389986615,'',,,
639, 320000, '95', 48.78185224863338, 11.435073110413622, 48.86044844175317, 335.8871389986615,'',,,
640, 320500, '95', 48.78190874176067, 11.435038084137934, 48.899749738924214, 335.8871389986615,'',,,
641, 321000, '95', 48.78196638791978, 11.43500234288616, 49.89780859395024, 335.8871389986615,'',,,
642, 321500, '95', 48.78202282419782, 11.434961021891738, 48.06648750989791, 331.22949837983026,'',,,
643, 322000, '95', 48.78207438040157, 11.434909506842693, 49.44642579391692, 324.7301270693051,'',,,
644, 322500, '95', 48.782124445110725, 11.434859481976838, 48.01598596724309, 324.7301270693051,'',,,
645, 323000, '95', 48.78217571773301, 11.434807405523618, 49.42330804471951, 324.1368782468319,'',,,
646, 323500, '95', 48.7822264981512, 11.434755056540196, 49.1764277272448, 323.9028373633159,'',,,
647, 324000, '95', 48.78227696856451, 11.434703027010753, 48.876236481495205, 323.9028373633074,'',,,
648, 324500, '95', 48.78232639501051, 11.434652073576125, 47.86526514227595, 323.90283736332196,'',,,
649, 325000, '95', 48.782377391629765, 11.434599501332068, 49.385864634524104, 323.9028373633074,'',,,
650, 325500, '95', 48.78242710741961, 11.434548245454831, 48.87388611801993, 323.90005992939547,'',,,
651, 326000, '95', 48.78247818606704, 11.434495579456465, 49.48447604728025, 323.898313064466,'',,,
652, 326500, '95', 48.782527233675, 11.434443543435371, 48.060724312976006, 322.8765781790772,'',,,
653, 327000, '95', 48.78257938730393, 11.434401473111127, 49.64289198025223, 333.39133072824774,'',,,
654, 327500, '95', 48.782633664718745, 11.434374505599774, 48.58614050574694, 341.46924839807156,'',,,
655, 328000, '95', 48.7826908465056, 11.434373081589253, 48.21686627819762, 358.13862132028976,'',,,
656, 328500, '95', 48.78275170335655, 11.434376222375905, 48.9553285639789, 0.7066581282509421,'',,,
657, 329000, '95', 48.78281327458502, 11.434381754093122, 49.5706583210975, 1.5661058974648467,'',,,
658, 329500, '95', 48.78287202491919, 11.434398618893278, 48.18617158671934, 11.278302423502357,'',,,
659, 330000, '95', 48.782930192270754, 11.43441911798443, 47.99891926494521, 11.278302423502357,'',,,
660, 330500, '95', 48.78298839150554, 11.434439628363299, 48.025232960354536, 11.278302423502357,'',,,
661, 331000, '95', 48.78304873746313, 11.434460895337482, 49.7966843365794, 11.278302423502357,'',,,
662, 331500, '95', 48.7831073954908, 11.434481567508703, 48.40383116297052, 11.278302423492105,'',,,
663, 332000, '95', 48.783165954744604, 11.434502204922456, 48.322328408841045, 11.278302423502357,'',,,
664, 332500, '95', 48.78322460247822, 11.43452287357055, 48.39534495187551, 11.278302423494141,'',,,
665, 333000, '95', 48.783285035211456, 11.434544171343427, 49.868307704376996, 11.278302423492105,'',,,
666, 333500, '95', 48.783343178443, 11.434564662299998, 47.979044761919425, 11.278302423504407,'',,,
667, 334000, '95', 48.78340193327755, 11.434585368851259, 48.48373584347405, 11.278302423492105,'',,,
668, 334500, '95', 48.78346218517371, 11.434606603055958, 49.71909618490935, 11.278302423494141,'',,,
669, 335000, '95', 48.78352036722149, 11.434627107849224, 48.01108790242207, 11.278302423494141,'',,,
670, 335500, '95', 48.78358187053352, 11.434645724318257, 49.648162743715574, 8.812037547425279,'',,,
671, 336000, '95', 48.78364116058519, 11.43466146841027, 48.300274983105254, 8.12102587498988,'',,,
672, 336500, '95', 48.78370033514474, 11.434677181874491, 48.20619273122494, 8.121025874979534,'',,,
673, 337000, '95', 48.783760561489494, 11.434693174675681, 49.06302588617988, 8.12102587497806,'',,,
674, 337500, '95', 48.783819945988135, 11.434708943969818, 48.37722376781144, 8.12102587497806,'',,,
675, 338000, '95', 48.783878471178966, 11.434724485118293, 47.67719649643265, 8.12102587497806,'',,,
676, 338500, '95', 48.7839392379286, 11.434740621546217, 49.5032717476096, 8.12102587497806,'',,,
677, 339000, '95', 48.78400030939938, 11.434756838934808, 49.75151386555844, 8.121025874979534,'',,,
678, 339500, '95', 48.78406129316867, 11.434773033077368, 49.68007123049442, 8.121025874979534,'',,,
679, 340000, '95', 48.78412150697392, 11.434789022799265, 49.05282731923834, 8.121025874979534,'',,,
680, 340500, '95', 48.784181874543485, 11.434805053395099, 49.17809335192759, 8.12102587497806,'',,,
681, 341000, '95', 48.78424323120316, 11.434821346686645, 49.98385275223386, 8.12102587497806,'',,,
682, 341500, '95', 48.784300319186976, 11.43485351921616, 49.21427762822807, 22.423326205436393,'',,,
683, 342000, '95', 48.78435484761298, 11.434891448963597, 48.1536922521852, 22.854546618395897,'',,,
684, 342500, '95', 48.78440982070771, 11.434929688115826, 48.546389030009514, 22.854546618395897,'',,,
685, 343000, '95', 48.78446595338693, 11.434968733970749, 49.57042394502182, 22.854546618399954,'',,,
686, 343500, '95', 48.78452175432819, 11.435007530403118, 49.27367018108816, 22.840158570605652,'',,,
687, 344000, '95', 48.78457750970449, 11.435038783705378, 47.707774505741895, 18.49335428639278,'',,,
688, 344500, '95', 48.784635319224506, 11.435071188525352, 49.465436976925474, 18.49335428640269,'',,,
689, 345000, '95', 48.78469365223571, 11.43510388686939, 49.913378184448, 18.49335428639278,'',,,
690, 345500, '95', 48.7847513856326, 11.43513624918486, 49.40031991997827, 18.493354286389472,'',,,
691, 346000, '95', 48.78480614989283, 11.43516929253384, 47.96424769656826, 20.383927857704503,'',,,
692, 346500, '95', 48.78486068284198, 11.43520577810366, 47.71573655938357, 22.018987350016243,'',,,
693, 347000, '95', 48.784916205806134, 11.43524440972125, 49.27442952095625, 23.172879842869666,'',,,
694, 347500, '95', 48.784970790060136, 11.435283213542704, 48.298364305436614, 23.330425944845537,'',,,
695, 348000, '95', 48.785027754531676, 11.43532220614249, 49.7128551879488, 22.195569469877608,'',,,
696, 348500, '95', 48.78508497214026, 11.43535992110134, 49.96492085796409, 21.704279451639067,'',,,
697, 349000, '95', 48.78514179205684, 11.435397374017867, 49.61765112008527, 21.70427945164875,'',,,
698, 349500, '95', 48.78519714886625, 11.435433862617705, 48.34001337599103, 21.70427945164875,'',,,
699, 350000, '95', 48.78525267871484, 11.435470465368201, 48.4911305465838, 21.704279451644908,'',,,
700, 350500, '95', 48.78530255225596, 11.435503339816114, 43.55180161078796, 21.70427945164875,'',,,
701, 351000, '95', 48.785344478254586, 11.435530975650176, 36.61166016962482, 21.70427945164875,'',,,
702, 351500, '95', 48.78537988078331, 11.435554311531137, 30.91507923687166, 21.704279451635227,'',,,
703, 352000, '95', 48.78540868536357, 11.43557329834513, 25.15345760973402, 21.704279451644908,'',,,
704, 352500, '95', 48.785431339182566, 11.435588230843429, 19.782337892069467, 21.704279451635227,'',,,
705, 353000, '95', 48.78544630943282, 11.435598098646565, 13.072699730186704, 21.704279451635227,'',,,
706, 353500, '95', 48.78545624453361, 11.43560464747988, 8.675779901898139, 21.704279451639067,'',,,
707, 354000, '95', 48.78546452298628, 11.435610104317206, 7.229120029503247, 21.704279451644908,'',,,
708, 354500, '95', 48.78546988109324, 11.435613636176152, 4.678941964928605, 21.70427945164875,'',,,
709, 355000, '95', 48.785471321983, 11.435614585955651, 1.2582502886505602, 21.704279451639067,'',,,
710, 355500, '95', 48.78547161253774, 11.435614777478243, 0.25372557484574304, 21.704279451639067,'',,,
711, 356000, '95', 48.78547163084481, 11.435614789545566, 0.01598656308841004, 21.70427945164875,'',,,
712, 356500, '95', 48.785471634264695, 11.435614791799832, 0.002986411382915925, 21.704279451635227,'',,,
713, 357000, '95', 48.78547163496676, 11.435614792262601, 0.000613068506231428, 21.704279451644908,'',,,
714, 357500, '95', 48.78547163496676, 11.435614792262601, 0.0, 21.704279451644908,'',,,
715, 358000, '95', 48.78547163496676, 11.435614792262601, 0.0, 21.704279451644908,'',,,
716, 358500, '95', 48.78547163496676, 11.435614792262601, 0.0, 21.704279451644908,'',,,
717, 359000, '95', 48.78547163496676, 11.435614792262601, 0.0, 21.704279451644908,'',,,
718, 359500, '95', 48.78547163496676, 11.435614792262601, 0.0, 21.704279451644908,'',,,
719, 360000, '95', 48.78547163496676, 11.435614792262601, 0.0, 21.704279451644908,'',,,
720, 360500, '95', 48.78547595525728, 11.435617640033534, 3.772673699213192, 21.704279451644908,'',,,
721, 361000, '95', 48.78548343011501, 11.435622587935763, 6.485753120053239, 21.72028405292947,'',,,
722, 361500, '95', 48.78549492755869, 11.435630234010992, 9.904937156573547, 21.771960501756453,'',,,
723, 362000, '95', 48.78551178548766, 11.435641444944407, 14.522944595478153, 21.84696337231062,'',,,
724, 362500, '95', 48.78553195540233, 11.43565434323912, 17.27093823268046, 21.499291446095867,'',,,
725, 363000, '95', 48.78555586021094, 11.435668226826145, 20.204234411990882, 19.968954483415512,'',,,
726, 363500, '95', 48.78558386870296, 11.435681859827552, 23.2106035453823, 16.826616030505246,'',,,
727, 364000, '95', 48.78561506404338, 11.43569543567458, 25.60072581337267, 14.393460050341412,'',,,
728, 364500, '95', 48.78565113329546, 11.435710441781195, 29.861970909312042, 13.654924226302045,'',,,
729, 365000, '95', 48.78569218200487, 11.435727513917582, 33.98663021509503, 13.534366154306083,'',,,
730, 365500, '95', 48.78573689113414, 11.43574581656124, 36.98548230630314, 13.297986655594734,'',,,
731, 366000, '95', 48.785787174720475, 11.435757113582628, 40.58424643537464, 6.611690801394731,'',,,
732, 366500, '95', 48.785841407012654, 11.435769297772524, 43.77127719630456, 6.611690801394731,'',,,
733, 367000, '95', 48.785899806764505, 11.435776930209668, 46.837945256721845, 2.04707117541396,'',,,
734, 367500, '95', 48.78596116837044, 11.435782310755565, 49.07064362268057, 1.4833744721724307,'',,,
735, 368000, '95', 48.78602196253553, 11.435787641560692, 48.61686416005343, 1.4833744721724307,'',,,
736, 368500, '95', 48.78608350270106, 11.435791562854991, 49.19254514724109, 0.24640897611772014,'',,,
737, 369000, '95', 48.786144310889775, 11.435791176861482, 48.54707990950998, 357.92684985114886,'',,,
738, 369500, '95', 48.78620604088216, 11.435790785018458, 49.28301540482417, 357.92684985115926,'',,,
739, 370000, '95', 48.786266093930045, 11.435790403821942, 47.9442034210274, 357.9268498511485,'',,,
740, 370500, '95', 48.78632712570161, 11.435789018689174, 48.736178287412976, 357.08900680891,'',,,
741, 371000, '95', 48.786388139958746, 11.435785687022767, 48.74287037388515, 356.10069212508546,'',,,
742, 371500, '95', 48.786449673473655, 11.435782326996996, 49.157693779958414, 356.10069212508614,'',,,
743, 372000, '95', 48.78650963523028, 11.435778739148933, 47.910739369947464, 355.83750424251224,'',,,
744, 372500, '95', 48.78656981799645, 11.43577244841108, 48.16182093688846, 354.2159813690845,'',,,
745, 373000, '95', 48.78663035675287, 11.435766120449982, 48.44670599042997, 354.21598136909483,'',,,
746, 373500, '95', 48.78669101038292, 11.435759780468793, 48.53863524285704, 354.2159813690845,'',,,
747, 374000, '95', 48.78675094479179, 11.435753515653666, 47.9630723118838, 354.2159813690845,'',,,
748, 374500, '95', 48.78681327893547, 11.435746999986302, 49.88348312091641, 354.2159813690845,'',,,
749, 375000, '95', 48.78687574144923, 11.435740470887247, 49.98621308271401, 354.2159813690845,'',,,
750, 375500, '95', 48.78693581429065, 11.435734191563867, 48.073855895843366, 354.2159813690855,'',,,
751, 376000, '95', 48.78699542505226, 11.435727960528721, 47.70407270978764, 354.2159813690845,'',,,
752, 376500, '95', 48.78705634639973, 11.435721592487111, 48.752881927910266, 354.2159813690845,'',,,
753, 377000, '95', 48.78711637909571, 11.435714156627549, 48.08809948623274, 353.4326876517073,'',,,
754, 377500, '95', 48.78717712235079, 11.435706543183842, 48.66085824445915, 353.4326876517085,'',,,
755, 378000, '95', 48.78723915696804, 11.435698767866977, 49.695357158529575, 353.4326876517073,'',,,
756, 378500, '95', 48.787298859856215, 11.435691284789653, 47.8274312351374, 353.4326876517073,'',,,
757, 379000, '95', 48.78736018516164, 11.435683598344923, 49.12713530148939, 353.43268765171763,'',,,
758, 379500, '95', 48.787421215207125, 11.435675948891776, 48.890605939781295, 353.4326876517073,'',,,
759, 380000, '95', 48.787483039054756, 11.435669339409667, 49.784609929631465, 354.1424164091048,'',,,
760, 380500, '95', 48.78754465480134, 11.435663260333301, 49.63183181766048, 354.54891525768375,'',,,
761, 381000, '95', 48.78760408530811, 11.435658809106291, 47.84582718305849, 355.57089166362874,'',,,
762, 381500, '95', 48.78766536727059, 11.435657342999704, 49.30070549713075, 357.7863299329756,'',,,
763, 382000, '95', 48.78772482772666, 11.435659047092804, 47.81733035944495, 359.2521406982462,'',,,
764, 382500, '95', 48.78778523968947, 11.435660778462214, 48.582520324383864, 359.2521406982462,'',,,
765, 383000, '95', 48.78784490260955, 11.435663666853252, 48.22584376118705, 0.21831153619996843,'',,,
766, 383500, '95', 48.78790556128151, 11.435667318139654, 48.87723325226549, 0.4449492185512294,'',,,
767, 384000, '95', 48.78796597161243, 11.435670954488929, 48.67712694783323, 0.44494921855115305,'',,,
768, 384500, '95', 48.7880253021038, 11.43567452584934, 47.807020023554564, 0.4449492185512294,'',,,
769, 385000, '95', 48.78808615532865, 11.435678188881209, 49.03400110496767, 0.4449492185512294,'',,,
770, 385500, '95', 48.788147507813946, 11.435681881977626, 49.43629332880118, 0.4449492185512294,'',,,
771, 386000, '95', 48.78820734797208, 11.435688226566715, 48.311095019007105, 2.766282591473568,'',,,
772, 386500, '95', 48.78826815512869, 11.43569637526055, 49.1497349707419, 3.2274901904851263,'',,,
773, 387000, '95', 48.78832873126043, 11.435704493017509, 48.96300138760452, 3.2274901904851263,'',,,
774, 387500, '95', 48.78838949322623, 11.435712635700487, 49.11321015183908, 3.2274901904851263,'',,,
775, 388000, '95', 48.7884512337703, 11.435720909545424, 49.90418514359371, 3.2274901904857236,'',,,
776, 388500, '95', 48.78851107472048, 11.435728985120505, 48.37273682695907, 3.274953070849252,'',,,
777, 389000, '95', 48.78856948480635, 11.435744840181043, 47.77867120511458, 8.335673207874674,'',,,
778, 389500, '95', 48.788627773655804, 11.435760662372738, 47.679504120667474, 8.335673207874674,'',,,
779, 390000, '95', 48.78868611279865, 11.435782016306922, 48.41101118320227, 12.94661818394983,'',,,
780, 390500, '95', 48.78874433011703, 11.435808928248335, 49.01085959873255, 15.152385601931286,'',,,
781, 391000, '95', 48.78880290136599, 11.435836003868994, 49.3088264409788, 15.152385601938667,'',,,
782, 391500, '95', 48.788861013442926, 11.435868370875408, 49.94246519542393, 19.620493531414215,'',,,
783, 392000, '95', 48.78891689944156, 11.43590554051774, 49.14942343128473, 21.891158441006105,'',,,
784, 392500, '95', 48.78897166086913, 11.435941962301458, 48.16042151252367, 21.89115844101584,'',,,
785, 393000, '95', 48.78902842574382, 11.435979716671273, 49.92238311837986, 21.891158441006105,'',,,
786, 393500, '95', 48.789079705041345, 11.436026274555301, 48.15133697276563, 29.213121150439587,'',,,
787, 394000, '95', 48.78913272780266, 11.436074578844167, 49.82852587760054, 29.213121150444703,'',,,
788, 394500, '95', 48.78918559583763, 11.436122742298744, 49.683141592662786, 29.213121150439587,'',,,
789, 395000, '95', 48.789234608951055, 11.43617339593812, 47.859450917710554, 33.5770739569632,'',,,
790, 395500, '95', 48.789282757256395, 11.436229140828031, 48.8088869391298, 35.58308490808504,'',,,
791, 396000, '95', 48.789332028066156, 11.436286185471253, 49.94682231404912, 35.58308490809114,'',,,
792, 396500, '95', 48.78938032529066, 11.436342103062632, 48.959909076668325, 35.58308490809114,'',,,
793, 397000, '95', 48.78942389611525, 11.436403152792893, 47.85020623465162, 42.066574592951746,'',,,
794, 397500, '95', 48.78946737042056, 11.436466468542624, 48.57785446397122, 42.066574592944725,'',,,
795, 398000, '95', 48.78951185931129, 11.43653126209826, 49.71158705629036, 42.066574592951746,'',,,
796, 398500, '95', 48.7895532814389, 11.436599335025385, 49.360815325110224, 46.81013771895094,'',,,
797, 399000, '95', 48.78959054930358, 11.436672376005266, 49.09447404378187, 50.4912197705277,'',,,
798, 399500, '95', 48.78962774014974, 11.436745266238805, 48.993077851823536, 50.4912197705277,'',,,
799, 400000, '95', 48.78966401364404, 11.436816358751019, 47.784672383210626, 50.4912197705277,'',,,
800, 400500, '95', 48.789700429430454, 11.436887730334611, 47.9721806811411, 50.49121977053437,'',,,
801, 401000, '95', 48.78973663587027, 11.436959729443746, 48.1403813918084, 51.02827042194844,'',,,
802, 401500, '95', 48.789771969439684, 11.437035266080205, 49.235813719337806, 52.87024997774769,'',,,
803, 402000, '95', 48.78980776062633, 11.437111781237075, 49.873556783312004, 52.87024997775403,'',,,
804, 402500, '95', 48.78984263590086, 11.437186338550124, 48.597341465494594, 52.87024997774769,'',,,
805, 403000, '95', 48.78987797866887, 11.437261861591884, 49.20049157370441, 52.85367823992804,'',,,
806, 403500, '95', 48.789912912367114, 11.437336124877994, 48.08082897023857, 52.717961629214734,'',,,
807, 404000, '95', 48.789948518032844, 11.437411816870377, 49.00575868678372, 52.717961629223005,'',,,
808, 404500, '95', 48.78998442695001, 11.437485102638673, 48.04343774271291, 51.235734995982405,'',,,
809, 405000, '95', 48.790026966741, 11.437557055638502, 49.897416715334174, 45.16376660546339,'',,,
810, 405500, '95', 48.79006497764176, 11.437618337052525, 44.27427188367306, 44.975629189249354,'',,,
811, 406000, '95', 48.7900977421544, 11.437671160325165, 38.16342499625592, 44.97562918925669,'',,,
812, 406500, '95', 48.79012640562868, 11.437712651804658, 31.647687082437354, 42.263775340968245,'',,,
813, 407000, '95', 48.790151026240835, 11.437746019488124, 26.34702445210379, 40.00980785625701,'',,,
814, 407500, '95', 48.79016935662052, 11.437770862211368, 19.61572420167575, 40.00980785625701,'',,,
815, 408000, '95', 48.79018153248842, 11.437787363886967, 13.029655296051192, 40.009807856264956,'',,,
816, 408500, '95', 48.790189620074656, 11.437798324814153, 8.654699603904824, 40.00980785625701,'',,,
817, 409000, '95', 48.79019697838069, 11.437808297368314, 7.874282210220832, 40.00980785625701,'',,,
818, 409500, '95', 48.79020303177486, 11.437816501406584, 6.47786858654581, 40.00980785625701,'',,,
819, 410000, '95', 48.79020476012847, 11.437818843808552, 1.8495488780999676, 40.00980785625701,'',,,
820, 410500, '95', 48.79020476729789, 11.437818853525123, 0.007672154643655261, 40.00980785625701,'',,,
821, 411000, '95', 48.79020476729789, 11.437818853525123, 0.0, 40.00980785625701,'',,,
822, 411500, '95', 48.79020476729789, 11.437818853525123, 0.0, 40.00980785625701,'',,,
823, 412000, '95', 48.79020476729789, 11.437818853525123, 0.0, 40.00980785625701,'',,,
824, 412500, '95', 48.79020476729789, 11.437818853525123, 0.0, 40.00980785625701,'',,,
825, 413000, '95', 48.79020476729789, 11.437818853525123, 0.0, 40.00980785625701,'',,,
826, 413500, '95', 48.79020476729789, 11.437818853525123, 0.0, 40.00980785625701,'',,,
827, 414000, '95', 48.79020476729789, 11.437818853525123, 0.0, 40.00980785625701,'',,,
828, 414500, '95', 48.79020476729789, 11.437818853525123, 0.0, 40.00980785625701,'',,,
829, 415000, '95', 48.79020476729789, 11.437818853525123, 0.0, 40.00980785625701,'',,,
830, 415500, '95', 48.79020476729789, 11.437818853525123, 0.0, 40.00980785625701,'',,,
831, 416000, '95', 48.79020476729789, 11.437818853525123, 0.0, 40.00980785625701,'',,,
832, 416500, '95', 48.79020476729789, 11.437818853525123, 0.0, 40.00980785625701,'',,,
833, 417000, '95', 48.79020476729789, 11.437818853525123, 0.0, 40.00980785625701,'',,,
834, 417500, '95', 48.79020476729789, 11.437818853525123, 0.0, 40.00980785625701,'',,,
835, 418000, '95', 48.79020476729789, 11.437818853525123, 0.0, 40.00980785625701,'',,,
836, 418500, '95', 48.79020476729789, 11.437818853525123, 0.0, 40.00980785625701,'',,,
837, 419000, '95', 48.79020476729789, 11.437818853525123, 0.0, 40.00980785625701,'',,,
838, 419500, '95', 48.79020476729789, 11.437818853525123, 0.0, 40.00980785625701,'',,,
839, 420000, '95', 48.79020476729789, 11.437818853525123, 0.0, 40.00980785625701,'',,,
840, 420500, '95', 48.79020476729789, 11.437818853525123, 0.0, 40.00980785625701,'',,,
841, 421000, '95', 48.79020476729789, 11.437818853525123, 0.0, 40.00980785625701,'',,,
842, 421500, '95', 48.79020476729789, 11.437818853525123, 0.0, 40.00980785625701,'',,,
843, 422000, '95', 48.79020476729789, 11.437818853525123, 0.0, 40.00980785625701,'',,,
844, 422500, '95', 48.79020476729789, 11.437818853525123, 0.0, 40.00980785625701,'',,,
845, 423000, '95', 48.79020476729789, 11.437818853525123, 0.0, 40.00980785625701,'',,,
846, 423500, '95', 48.79020476729789, 11.437818853525123, 0.0, 40.00980785625701,'',,,
847, 424000, '95', 48.79020476729789, 11.437818853525123, 0.0, 40.00980785625701,'',,,
848, 424500, '95', 48.79020476729789, 11.437818853525123, 0.0, 40.00980785625701,'',,,
849, 425000, '95', 48.79020476729789, 11.437818853525123, 0.0, 40.00980785625701,'',,,
850, 425500, '95', 48.79020476729789, 11.437818853525123, 0.0, 40.00980785625701,'',,,
851, 426000, '95', 48.79020476729789, 11.437818853525123, 0.0, 40.00980785625701,'',,,
852, 426500, '95', 48.79020476729789, 11.437818853525123, 0.0, 40.00980785625701,'',,,
853, 427000, '95', 48.79020476729789, 11.437818853525123, 0.0, 40.00980785625701,'',,,
854, 427500, '95', 48.79020476729789, 11.437818853525123, 0.0, 40.00980785625701,'',,,
855, 428000, '95', 48.79020476729789, 11.437818853525123, 0.0, 40.00980785625701,'',,,
856, 428500, '95', 48.79020476729789, 11.437818853525123, 0.0, 40.00980785625701,'',,,
857, 429000, '95', 48.79020476729789, 11.437818853525123, 0.0, 40.00980785625701,'',,,
858, 429500, '95', 48.79020476729789, 11.437818853525123, 0.0, 40.00980785625701,'',,,
859, 430000, '95', 48.79020476729789, 11.437818853525123, 0.0, 40.00980785625701,'',,,
860, 430500, '95', 48.79020476729789, 11.437818853525123, 0.0, 40.00980785625701,'',,,
861, 431000, '95', 48.79020476729789, 11.437818853525123, 0.0, 40.00980785625701,'',,,
862, 431500, '95', 48.79020476729789, 11.437818853525123, 0.0, 40.00980785625701,'',,,
863, 432000, '95', 48.79020476729789, 11.437818853525123, 0.0, 40.00980785625701,'',,,
864, 432500, '95', 48.79020476729789, 11.437818853525123, 0.0, 40.00980785625701,'',,,
865, 433000, '95', 48.79020476729789, 11.437818853525123, 0.0, 40.00980785625701,'',,,
866, 433500, '95', 48.79020476729789, 11.437818853525123, 0.0, 40.00980785625701,'',,,
867, 434000, '95', 48.79020476729789, 11.437818853525123, 0.0, 40.00980785625701,'',,,
868, 434500, '95', 48.79020476729789, 11.437818853525123, 0.0, 40.00980785625701,'',,,
869, 435000, '95', 48.79020476729789, 11.437818853525123, 0.0, 40.00980785625701,'',,,
870, 435500, '95', 48.79020476729789, 11.437818853525123, 0.0, 40.00980785625701,'',,,
871, 436000, '95', 48.79020476729789, 11.437818853525123, 0.0, 40.00980785625701,'',,,
872, 436500, '95', 48.79020476729789, 11.437818853525123, 0.0, 40.00980785625701,'',,,
873, 437000, '95', 48.79020476729789, 11.437818853525123, 0.0, 40.00980785625701,'',,,
874, 437500, '95', 48.79020476729789, 11.437818853525123, 0.0, 40.00980785625701,'',,,
875, 438000, '95', 48.79020476729789, 11.437818853525123, 0.0, 40.00980785625701,'',,,
876, 438500, '95', 48.79020476729789, 11.437818853525123, 0.0, 40.00980785625701,'',,,
877, 439000, '95', 48.79020476729789, 11.437818853525123, 0.0, 40.00980785625701,'',,,
878, 439500, '95', 48.79020476729789, 11.437818853525123, 0.0, 40.00980785625701,'',,,
879, 440000, '95', 48.79020476729789, 11.437818853525123, 0.0, 40.00980785625701,'',,,
880, 440500, '95', 48.79020476729789, 11.437818853525123, 0.0, 40.00980785625701,'',,,
881, 441000, '95', 48.79020476729789, 11.437818853525123, 0.0, 40.00980785625701,'',,,
882, 441500, '95', 48.79020476729789, 11.437818853525123, 0.0, 40.00980785625701,'',,,
883, 442000, '95', 48.79020476729789, 11.437818853525123, 0.0, 40.00980785625701,'',,,
884, 442500, '95', 48.79020476729789, 11.437818853525123, 0.0, 40.00980785625701,'',,,
885, 443000, '95', 48.79020476729789, 11.437818853525123, 0.0, 40.00980785625701,'',,,
886, 443500, '95', 48.79020476729789, 11.437818853525123, 0.0, 40.00980785625701,'',,,
887, 444000, '95', 48.79020476729789, 11.437818853525123, 0.0, 40.00980785625701,'',,,
888, 444500, '95', 48.79020476729789, 11.437818853525123, 0.0, 40.00980785625701,'',,,
889, 445000, '95', 48.79020476729789, 11.437818853525123, 0.0, 40.00980785625701,'',,,
890, 445500, '95', 48.79020476729789, 11.437818853525123, 0.0, 40.00980785625701,'',,,
891, 446000, '95', 48.79020476729789, 11.437818853525123, 0.0, 40.00980785625701,'',,,
892, 446500, '95', 48.79020476729789, 11.437818853525123, 0.0, 40.00980785625701,'',,,
893, 447000, '95', 48.79020476729789, 11.437818853525123, 0.0, 40.00980785625701,'',,,
894, 447500, '95', 48.79020476729789, 11.437818853525123, 0.0, 40.00980785625701,'',,,
895, 448000, '95', 48.79020476729789, 11.437818853525123, 0.0, 40.00980785625701,'',,,
896, 448500, '95', 48.79020476729789, 11.437818853525123, 0.0, 40.00980785625701,'',,,
897, 449000, '95', 48.79020476729789, 11.437818853525123, 0.0, 40.00980785625701,'',,,
898, 449500, '95', 48.79020476729789, 11.437818853525123, 0.0, 40.00980785625701,'',,,
899, 450000, '95', 48.79020476729789, 11.437818853525123, 0.0, 40.00980785625701,'',,,
900, 450500, '95', 48.79020893020957, 11.437824495434288, 4.454822731318418, 40.00980785625701,'',,,
901, 451000, '95', 48.79021704886365, 11.437835021663172, 8.481346170746333, 39.71234367661824,'',,,
902, 451500, '95', 48.79022890266762, 11.437850067868366, 12.243479098158499, 39.07885434830766,'',,,
903, 452000, '95', 48.7902433030372, 11.43786834647937, 14.8737619582448, 38.31351671236588,'',,,
904, 452500, '95', 48.790261637401294, 11.437891618591157, 18.937085787018372, 38.15185376484759,'',,,
905, 453000, '95', 48.79028360298126, 11.437919499896196, 22.687680654276704, 38.15185376484759,'',,,
906, 453500, '95', 48.79030979256982, 11.437950864812377, 26.576457277939266, 36.94925446717192,'',,,
907, 454000, '95', 48.79034029508014, 11.437985946438554, 30.587422740578262, 35.39794057809917,'',,,
908, 454500, '95', 48.79037379923022, 11.438024480383099, 33.59743174689597, 35.39794057810764,'',,,
909, 455000, '95', 48.79041003690947, 11.43806615830278, 36.338587261990256, 35.39794057809917,'',,,
910, 455500, '95', 48.79045133420052, 11.438110192345809, 40.37158607088736, 33.07998031088851,'',,,
911, 456000, '95', 48.7904984372719, 11.438154981514522, 44.41381310644336, 30.305753539296326,'',,,
912, 456500, '95', 48.790549212094675, 11.43820326217809, 47.87595318892747, 30.305753539287355,'',,,
913, 457000, '95', 48.79060148511413, 11.438252967569145, 49.28863576150127, 30.305753539291082,'',,,
914, 457500, '95', 48.79065290994222, 11.438301866555534, 48.48889121491089, 30.305753539296326,'',,,
915, 458000, '95', 48.7907080309321, 11.438345589472714, 49.69905803809036, 25.465642590922773,'',,,
916, 458500, '95', 48.79076148778497, 11.438387348469817, 48.03004722747579, 25.465642590918307,'',,,
917, 459000, '95', 48.79081538273695, 11.438429449802626, 48.42368713000417, 25.46564259093215,'',,,
918, 459500, '95', 48.790869566491715, 11.438471776846832, 48.683187117260886, 25.465642590927686,'',,,
919, 460000, '95', 48.79092273830893, 11.438513313493345, 47.773993660412735, 25.465642590922773,'',,,
920, 460500, '95', 48.790975985127034, 11.438554908831662, 47.84139588995464, 25.465642590918307,'',,,
921, 461000, '95', 48.79103020088966, 11.438597261195516, 48.71199230564386, 25.46564259093215,'',,,
922, 461500, '95', 48.791085775486444, 11.438640673013591, 49.933986030533916, 25.464036317057246,'',,,
923, 462000, '95', 48.79114124598065, 11.438683800216095, 49.94314006473497, 25.354757008151807,'',,,
924, 462500, '95', 48.791196554583095, 11.438726748467097, 49.78201775814034, 25.314911108205813,'',,,
925, 463000, '95', 48.791251943140345, 11.438769728364093, 49.84516723003798, 25.30940964055489,'',,,
926, 463500, '95', 48.79130517273341, 11.438811033072156, 47.90229149700701, 25.30940964055489,'',,,
927, 464000, '95', 48.791359926200265, 11.438853520370975, 49.27366928539798, 25.309409640545475,'',,,
928, 464500, '95', 48.79141498175335, 11.438896242189795, 49.54553835295234, 25.309409640545475,'',,,
929, 465000, '95', 48.79146965690049, 11.438938668930444, 49.20321970268246, 25.30940964055489,'',,,
930, 465500, '95', 48.791522787406535, 11.438979897165813, 47.81318256862555, 25.30940964055489,'',,,
931, 466000, '95', 48.791577019987656, 11.439021980694662, 48.804976914279166, 25.30940964055489,'',,,
932, 466500, '95', 48.79163116770085, 11.439063998473081, 48.72861814640556, 25.309409640545475,'',,,
933, 467000, '95', 48.79168540392272, 11.439106085038599, 48.808284452372234, 25.30940964055489,'',,,
934, 467500, '95', 48.791739743660486, 11.439148252037175, 48.9014561551027, 25.309409640545475,'',,,
935, 468000, '95', 48.79179449738014, 11.439190879048297, 49.30803355958406, 25.413315644845884,'',,,
936, 468500, '95', 48.79184891601395, 11.439234836314995, 49.396537961932836, 26.253603686232466,'',,,
937, 469000, '95', 48.79190273663583, 11.439278310640862, 48.85373114247434, 26.253603686223116,'',,,
938, 469500, '95', 48.79195721210104, 11.439322314036621, 49.44815856975597, 26.253603686223116,'',,,
939, 470000, '95', 48.792011416557976, 11.439366098632576, 49.20217745384295, 26.253603686223116,'',,,
940, 470500, '95', 48.792065118082, 11.439409477085173, 48.74567459021788, 26.253603686223116,'',,,
941, 471000, '95', 48.79211890766352, 11.439452926777179, 48.82562235429045, 26.253603686232466,'',,,
942, 471500, '95', 48.79217213890595, 11.4394959255664, 48.31882586417814, 26.253603686232466,'',,,
943, 472000, '95', 48.79222551049204, 11.439539037829, 48.44623435725086, 26.253603686232466,'',,,
944, 472500, '95', 48.79227804237202, 11.439581471902661, 47.68403586182836, 26.253603686223116,'',,,
945, 473000, '95', 48.79233199538154, 11.4396250540414, 48.974034622284584, 26.253603686232466,'',,,
946, 473500, '95', 48.79238565773623, 11.439668289802126, 48.682422714346096, 26.183931879057372,'',,,
947, 474000, '95', 48.79243931296933, 11.43971197448504, 48.89017933246773, 26.534049538374294,'',,,
948, 474500, '95', 48.792493585357505, 11.439756991608903, 49.807478638278326, 26.9057371116725,'',,,
949, 475000, '95', 48.79254572000028, 11.439801805016486, 48.005563007030645, 27.75757792183711,'',,,
950, 475500, '95', 48.79259906737945, 11.439847660971516, 49.12226878305059, 27.75757792183711,'',,,
951, 476000, '95', 48.79265213758795, 11.439893278793475, 48.86706857281365, 27.757577921827888,'',,,
952, 476500, '95', 48.792706126122205, 11.439939686103187, 49.7126822135048, 27.757577921827888,'',,,
953, 477000, '95', 48.79275663154484, 11.439986512332883, 47.89022516979463, 29.714143220757702,'',,,
954, 477500, '95', 48.7928056957049, 11.440034150757862, 48.06592399492488, 31.238042472247496,'',,,
955, 478000, '95', 48.792852673044884, 11.440090263708761, 47.97963494601287, 36.47134574279598,'',,,
956, 478500, '95', 48.792900049410065, 11.440147045381442, 48.49341251997371, 36.56196258391795,'',,,
957, 479000, '95', 48.79294703507129, 11.440203576499727, 48.2400039156396, 36.64617037650706,'',,,
958, 479500, '95', 48.79299230118107, 11.440265292667345, 48.99073580944073, 41.17603498775218,'',,,
959, 480000, '95', 48.79303611626963, 11.440327159660226, 48.15885509043094, 41.17603498775218,'',,,
960, 480500, '95', 48.79308039572222, 11.440389682496372, 48.66929489675537, 41.17603498774431,'',,,
961, 481000, '95', 48.79312443126023, 11.440451861083673, 48.40123806582392, 41.17603498775218,'',,,
962, 481500, '95', 48.793167564131636, 11.440519448575644, 49.92265046991035, 45.26441877149998,'',,,
963, 482000, '95', 48.793209843942805, 11.44058831451931, 49.91882319996693, 45.26441877149256,'',,,
964, 482500, '95', 48.793250460999246, 11.44065447232038, 47.95569426240027, 45.26441877149998,'',,,
965, 483000, '95', 48.793291063491026, 11.440720606570002, 47.938545263936746, 45.26441877149998,'',,,
966, 483500, '95', 48.79333218355212, 11.440790484826593, 49.92510393309966, 46.94423813012575,'',,,
967, 484000, '95', 48.79337146009508, 11.440861366310612, 49.610186105296954, 48.22282581592578,'',,,
968, 484500, '95', 48.79340465176124, 11.440935663061362, 48.57521658776422, 55.14867117702597,'',,,
969, 485000, '95', 48.79343821825211, 11.441014044771979, 49.474746790934354, 55.21320312264388,'',,,
970, 485500, '95', 48.79347068301849, 11.44108985404727, 47.85095653480478, 55.21320312264388,'',,,
971, 486000, '95', 48.79350286129807, 11.441165795145485, 47.788054991472514, 55.58031105015068,'',,,
972, 486500, '95', 48.79353460690534, 11.44124501436, 49.0748636385994, 56.92508457448634,'',,,
973, 487000, '95', 48.7935659710428, 11.441324254123433, 49.18260866937786, 57.35317075840661,'',,,
974, 487500, '95', 48.793596234034915, 11.44140417281873, 48.72008694049996, 58.344136013361975,'',,,
975, 488000, '95', 48.7936120259281, 11.441486862717671, 47.91316627243627, 76.790010251192,'',,,
976, 488500, '95', 48.79357701498245, 11.441557984622083, 47.19181726725497, 127.79538426637419,'',,,
977, 489000, '95', 48.79354432328534, 11.44161445582339, 39.716702516602126, 129.38760432600884,'',,,
978, 489500, '95', 48.79351580136966, 11.441663724102083, 34.65086474935687, 129.3876043260169,'',,,
979, 490000, '95', 48.79349342345359, 11.441702379275123, 27.1865908196529, 129.3876043260169,'',,,
980, 490500, '95', 48.793475176049014, 11.441733899442141, 22.168483818381333, 129.38760432600884,'',,,
981, 491000, '95', 48.79346093431022, 11.44175850028389, 17.30205666308053, 129.3876043260169,'',,,
982, 491500, '95', 48.79344970295557, 11.441792398301555, 20.94079296997976, 121.04699483492712,'',,,
983, 492000, '95', 48.79347125378927, 11.441805755379452, 23.676842033357772, 51.18431704238183,'',,,
984, 492500, '95', 48.7934941664396, 11.441769188175439, 26.96018056710478, 319.6123374671365,'',,,
985, 493000, '95', 48.79351938834738, 11.441725620419476, 30.641684246428717, 309.38760432600884,'',,,
986, 493500, '95', 48.79354719590743, 11.44167758618336, 33.782973349157196, 309.3876043260169,'',,,
987, 494000, '95', 48.793578307601194, 11.441623844348502, 37.797141933336334, 309.3876043260169,'',,,
988, 494500, '95', 48.79361264670043, 11.441564527419931, 41.718103706345374, 309.3876043260169,'',,,
